Date,Forecasting
2020-03-16 00:00:00+00:00,372.2149
2020-03-16 00:10:00+00:00,372.12274
2020-03-16 00:20:00+00:00,372.12274
2020-03-16 00:30:00+00:00,372.14044
2020-03-16 00:40:00+00:00,372.191
2020-03-16 00:50:00+00:00,372.191
2020-03-16 01:00:00+00:00,372.20212
2020-03-16 01:10:00+00:00,372.20212
2020-03-16 01:20:00+00:00,372.21796
2020-03-16 01:30:00+00:00,372.18884
2020-03-16 01:40:00+00:00,372.21823
2020-03-16 01:50:00+00:00,372.17447
2020-03-16 02:00:00+00:00,372.2274
2020-03-16 02:10:00+00:00,372.21628
2020-03-16 02:20:00+00:00,372.19913
2020-03-16 02:30:00+00:00,372.19913
2020-03-16 02:40:00+00:00,372.1792
2020-03-16 02:50:00+00:00,372.1913
2020-03-16 03:00:00+00:00,372.20956
2020-03-16 03:10:00+00:00,372.16885
2020-03-16 03:20:00+00:00,372.1547
2020-03-16 03:30:00+00:00,372.1547
2020-03-16 03:40:00+00:00,372.1547
2020-03-16 03:50:00+00:00,372.1547
2020-03-16 04:00:00+00:00,372.1547
2020-03-16 04:10:00+00:00,372.17416
2020-03-16 04:20:00+00:00,372.17416
2020-03-16 04:30:00+00:00,372.1701
2020-03-16 04:40:00+00:00,372.1459
2020-03-16 04:50:00+00:00,372.17416
2020-03-16 05:00:00+00:00,372.17416
2020-03-16 05:10:00+00:00,372.195
2020-03-16 05:20:00+00:00,372.19366
2020-03-16 05:30:00+00:00,372.1818
2020-03-16 05:40:00+00:00,372.18845
2020-03-16 05:50:00+00:00,372.18845
2020-03-16 06:00:00+00:00,372.1953
2020-03-16 06:10:00+00:00,372.18112
2020-03-16 06:20:00+00:00,372.1953
2020-03-16 06:30:00+00:00,372.17947
2020-03-16 06:40:00+00:00,372.17184
2020-03-16 06:50:00+00:00,372.17606
2020-03-16 07:00:00+00:00,372.18344
2020-03-16 07:10:00+00:00,372.1789
2020-03-16 07:20:00+00:00,372.23495
2020-03-16 07:30:00+00:00,372.18896
2020-03-16 07:40:00+00:00,372.17126
2020-03-16 07:50:00+00:00,372.16266
2020-03-16 08:00:00+00:00,372.17032
2020-03-16 08:10:00+00:00,372.14047
2020-03-16 08:20:00+00:00,372.14047
2020-03-16 08:30:00+00:00,372.14047
2020-03-16 08:40:00+00:00,372.17462
2020-03-16 08:50:00+00:00,372.18115
2020-03-16 09:00:00+00:00,372.15332
2020-03-16 09:10:00+00:00,372.17102
2020-03-16 09:20:00+00:00,372.17035
2020-03-16 09:30:00+00:00,372.17294
2020-03-16 09:40:00+00:00,372.17294
2020-03-16 09:50:00+00:00,372.15524
2020-03-16 10:00:00+00:00,372.17294
2020-03-16 10:10:00+00:00,372.15524
2020-03-16 10:20:00+00:00,372.15524
2020-03-16 10:30:00+00:00,372.17294
2020-03-16 10:40:00+00:00,372.17294
2020-03-16 10:50:00+00:00,372.15524
2020-03-16 11:00:00+00:00,372.12936
2020-03-16 11:10:00+00:00,372.12936
2020-03-16 11:20:00+00:00,372.14447
2020-03-16 11:30:00+00:00,372.2077
2020-03-16 11:40:00+00:00,372.19
2020-03-16 11:50:00+00:00,372.19
2020-03-16 12:00:00+00:00,372.19
2020-03-16 12:10:00+00:00,372.19
2020-03-16 12:20:00+00:00,372.19
2020-03-16 12:30:00+00:00,372.19
2020-03-16 12:40:00+00:00,372.19876
2020-03-16 12:50:00+00:00,372.2011
2020-03-16 13:00:00+00:00,372.20563
2020-03-16 13:10:00+00:00,372.22675
2020-03-16 13:20:00+00:00,372.19974
2020-03-16 13:30:00+00:00,372.20334
2020-03-16 13:40:00+00:00,372.20334
2020-03-16 13:50:00+00:00,372.17722
2020-03-16 14:00:00+00:00,372.1427
2020-03-16 14:10:00+00:00,372.1538
2020-03-16 14:20:00+00:00,372.21387
2020-03-16 14:30:00+00:00,372.241
2020-03-16 14:40:00+00:00,372.2338
2020-03-16 14:50:00+00:00,372.2338
2020-03-16 15:00:00+00:00,372.1486
2020-03-16 15:10:00+00:00,372.18365
2020-03-16 15:20:00+00:00,372.19086
2020-03-16 15:30:00+00:00,372.20978
2020-03-16 15:40:00+00:00,372.26874
2020-03-16 15:50:00+00:00,372.21698
2020-03-16 16:00:00+00:00,372.192
2020-03-16 16:10:00+00:00,372.2211
2020-03-16 16:20:00+00:00,372.2283
2020-03-16 16:30:00+00:00,372.2699
2020-03-16 16:40:00+00:00,372.13797
2020-03-16 16:50:00+00:00,372.2172
2020-03-16 17:00:00+00:00,372.13797
2020-03-16 17:10:00+00:00,372.26895
2020-03-16 17:20:00+00:00,372.26895
2020-03-16 17:30:00+00:00,372.11563
2020-03-16 17:40:00+00:00,372.14285
2020-03-16 17:50:00+00:00,372.13885
2020-03-16 18:00:00+00:00,372.072
2020-03-16 18:10:00+00:00,372.084
2020-03-16 18:20:00+00:00,371.99878
2020-03-16 18:30:00+00:00,372.0737
2020-03-16 18:40:00+00:00,372.0884
2020-03-16 18:50:00+00:00,372.0803
2020-03-16 19:00:00+00:00,372.06848
2020-03-16 19:10:00+00:00,372.05737
2020-03-16 19:20:00+00:00,372.05737
2020-03-16 19:30:00+00:00,372.05737
2020-03-16 19:40:00+00:00,372.05737
2020-03-16 19:50:00+00:00,372.05737
2020-03-16 20:00:00+00:00,372.06635
2020-03-16 20:10:00+00:00,372.06635
2020-03-16 20:20:00+00:00,372.06635
2020-03-16 20:30:00+00:00,372.06635
2020-03-16 20:40:00+00:00,372.07144
2020-03-16 20:50:00+00:00,372.07144
2020-03-16 21:00:00+00:00,372.07144
2020-03-16 21:10:00+00:00,372.07144
2020-03-16 21:20:00+00:00,372.07144
2020-03-16 21:30:00+00:00,372.07144
2020-03-16 21:40:00+00:00,372.07144
2020-03-16 21:50:00+00:00,372.08914
2020-03-16 22:00:00+00:00,372.07144
2020-03-16 22:10:00+00:00,372.09396
2020-03-16 22:20:00+00:00,372.14273
2020-03-16 22:30:00+00:00,372.1379
2020-03-16 22:40:00+00:00,372.1379
2020-03-16 22:50:00+00:00,372.1379
2020-03-16 23:00:00+00:00,372.14902
2020-03-16 23:10:00+00:00,372.1393
2020-03-16 23:20:00+00:00,372.13098
2020-03-16 23:30:00+00:00,372.15454
2020-03-16 23:40:00+00:00,372.13965
2020-03-16 23:50:00+00:00,372.14902
2020-03-17 00:00:00+00:00,372.12103
2020-03-17 00:10:00+00:00,372.13214
2020-03-17 00:20:00+00:00,372.13214
2020-03-17 00:30:00+00:00,372.12103
2020-03-17 00:40:00+00:00,372.12103
2020-03-17 00:50:00+00:00,372.12103
2020-03-17 01:00:00+00:00,372.12103
2020-03-17 01:10:00+00:00,372.13284
2020-03-17 01:20:00+00:00,372.13284
2020-03-17 01:30:00+00:00,372.13214
2020-03-17 01:40:00+00:00,372.12103
2020-03-17 01:50:00+00:00,372.12103
2020-03-17 02:00:00+00:00,372.1606
2020-03-17 02:10:00+00:00,372.1606
2020-03-17 02:20:00+00:00,372.1606
2020-03-17 02:30:00+00:00,372.1606
2020-03-17 02:40:00+00:00,372.16132
2020-03-17 02:50:00+00:00,372.1495
2020-03-17 03:00:00+00:00,372.14816
2020-03-17 03:10:00+00:00,372.1495
2020-03-17 03:20:00+00:00,372.1495
2020-03-17 03:30:00+00:00,372.1646
2020-03-17 03:40:00+00:00,372.14816
2020-03-17 03:50:00+00:00,372.14816
2020-03-17 04:00:00+00:00,372.14816
2020-03-17 04:10:00+00:00,372.14816
2020-03-17 04:20:00+00:00,372.14816
2020-03-17 04:30:00+00:00,372.14642
2020-03-17 04:40:00+00:00,372.14816
2020-03-17 04:50:00+00:00,372.15503
2020-03-17 05:00:00+00:00,372.15503
2020-03-17 05:10:00+00:00,372.15503
2020-03-17 05:20:00+00:00,372.14987
2020-03-17 05:30:00+00:00,372.14816
2020-03-17 05:40:00+00:00,372.14816
2020-03-17 05:50:00+00:00,372.15503
2020-03-17 06:00:00+00:00,372.13568
2020-03-17 06:10:00+00:00,372.15668
2020-03-17 06:20:00+00:00,372.15668
2020-03-17 06:30:00+00:00,372.23648
2020-03-17 06:40:00+00:00,372.15158
2020-03-17 06:50:00+00:00,372.23138
2020-03-17 07:00:00+00:00,372.14993
2020-03-17 07:10:00+00:00,372.14993
2020-03-17 07:20:00+00:00,372.14993
2020-03-17 07:30:00+00:00,372.13058
2020-03-17 07:40:00+00:00,372.14993
2020-03-17 07:50:00+00:00,372.14993
2020-03-17 08:00:00+00:00,372.149
2020-03-17 08:10:00+00:00,372.149
2020-03-17 08:20:00+00:00,372.149
2020-03-17 08:30:00+00:00,372.149
2020-03-17 08:40:00+00:00,372.14383
2020-03-17 08:50:00+00:00,372.149
2020-03-17 09:00:00+00:00,372.1337
2020-03-17 09:10:00+00:00,372.1337
2020-03-17 09:20:00+00:00,372.1337
2020-03-17 09:30:00+00:00,372.13885
2020-03-17 09:40:00+00:00,372.13885
2020-03-17 09:50:00+00:00,372.1337
2020-03-17 10:00:00+00:00,372.2203
2020-03-17 10:10:00+00:00,372.13885
2020-03-17 10:20:00+00:00,372.13885
2020-03-17 10:30:00+00:00,372.13885
2020-03-17 10:40:00+00:00,372.13885
2020-03-17 10:50:00+00:00,372.13885
2020-03-17 11:00:00+00:00,372.11298
2020-03-17 11:10:00+00:00,372.11298
2020-03-17 11:20:00+00:00,372.11298
2020-03-17 11:30:00+00:00,372.11298
2020-03-17 11:40:00+00:00,372.11298
2020-03-17 11:50:00+00:00,372.11298
2020-03-17 12:00:00+00:00,372.10782
2020-03-17 12:10:00+00:00,372.11298
2020-03-17 12:20:00+00:00,372.11298
2020-03-17 12:30:00+00:00,372.11298
2020-03-17 12:40:00+00:00,372.11298
2020-03-17 12:50:00+00:00,372.11298
2020-03-17 13:00:00+00:00,372.1061
2020-03-17 13:10:00+00:00,372.10745
2020-03-17 13:20:00+00:00,372.10745
2020-03-17 13:30:00+00:00,372.10745
2020-03-17 13:40:00+00:00,372.10745
2020-03-17 13:50:00+00:00,372.10745
2020-03-17 14:00:00+00:00,372.10745
2020-03-17 14:10:00+00:00,372.10745
2020-03-17 14:20:00+00:00,372.10745
2020-03-17 14:30:00+00:00,372.10745
2020-03-17 14:40:00+00:00,372.10745
2020-03-17 14:50:00+00:00,372.10745
2020-03-17 15:00:00+00:00,372.11707
2020-03-17 15:10:00+00:00,372.11707
2020-03-17 15:20:00+00:00,372.11707
2020-03-17 15:30:00+00:00,372.1777
2020-03-17 15:40:00+00:00,372.1928
2020-03-17 15:50:00+00:00,372.1928
2020-03-17 16:00:00+00:00,372.19855
2020-03-17 16:10:00+00:00,372.19855
2020-03-17 16:20:00+00:00,372.18344
2020-03-17 16:30:00+00:00,372.18344
2020-03-17 16:40:00+00:00,372.18344
2020-03-17 16:50:00+00:00,372.18344
2020-03-17 17:00:00+00:00,372.18344
2020-03-17 17:10:00+00:00,372.18344
2020-03-17 17:20:00+00:00,372.18344
2020-03-17 17:30:00+00:00,372.18344
2020-03-17 17:40:00+00:00,372.18344
2020-03-17 17:50:00+00:00,372.18344
2020-03-17 18:00:00+00:00,372.18344
2020-03-17 18:10:00+00:00,372.18344
2020-03-17 18:20:00+00:00,372.18344
2020-03-17 18:30:00+00:00,372.18344
2020-03-17 18:40:00+00:00,372.18344
2020-03-17 18:50:00+00:00,372.18344
2020-03-17 19:00:00+00:00,372.19345
2020-03-17 19:10:00+00:00,372.19345
2020-03-17 19:20:00+00:00,372.19345
2020-03-17 19:30:00+00:00,372.19345
2020-03-17 19:40:00+00:00,372.19345
2020-03-17 19:50:00+00:00,372.19345
2020-03-17 20:00:00+00:00,372.19345
2020-03-17 20:10:00+00:00,372.19345
2020-03-17 20:20:00+00:00,372.19345
2020-03-17 20:30:00+00:00,372.19345
2020-03-17 20:40:00+00:00,372.19345
2020-03-17 20:50:00+00:00,372.19345
2020-03-17 21:00:00+00:00,372.20456
2020-03-17 21:10:00+00:00,372.19345
2020-03-17 21:20:00+00:00,372.19345
2020-03-17 21:30:00+00:00,372.19345
2020-03-17 21:40:00+00:00,372.19345
2020-03-17 21:50:00+00:00,372.19345
2020-03-17 22:00:00+00:00,372.19345
2020-03-17 22:10:00+00:00,372.19345
2020-03-17 22:20:00+00:00,372.19345
2020-03-17 22:30:00+00:00,372.19345
2020-03-17 22:40:00+00:00,372.19345
2020-03-17 22:50:00+00:00,372.19345
2020-03-17 23:00:00+00:00,372.1428
2020-03-17 23:10:00+00:00,372.1428
2020-03-17 23:20:00+00:00,372.1428
2020-03-17 23:30:00+00:00,372.1428
2020-03-17 23:40:00+00:00,372.1579
2020-03-17 23:50:00+00:00,372.1428
2020-03-18 00:00:00+00:00,372.12592
2020-03-18 00:10:00+00:00,372.14102
2020-03-18 00:20:00+00:00,372.119
2020-03-18 00:30:00+00:00,372.119
2020-03-18 00:40:00+00:00,372.13544
2020-03-18 00:50:00+00:00,372.119
2020-03-18 01:00:00+00:00,372.12033
2020-03-18 01:10:00+00:00,372.119
2020-03-18 01:20:00+00:00,372.119
2020-03-18 01:30:00+00:00,372.12033
2020-03-18 01:40:00+00:00,372.12033
2020-03-18 01:50:00+00:00,372.12033
2020-03-18 02:00:00+00:00,372.14746
2020-03-18 02:10:00+00:00,372.1488
2020-03-18 02:20:00+00:00,372.1488
2020-03-18 02:30:00+00:00,372.1488
2020-03-18 02:40:00+00:00,372.1488
2020-03-18 02:50:00+00:00,372.1488
2020-03-18 03:00:00+00:00,372.1488
2020-03-18 03:10:00+00:00,372.1488
2020-03-18 03:20:00+00:00,372.1488
2020-03-18 03:30:00+00:00,372.1488
2020-03-18 03:40:00+00:00,372.1488
2020-03-18 03:50:00+00:00,372.1488
2020-03-18 04:00:00+00:00,372.14746
2020-03-18 04:10:00+00:00,372.1488
2020-03-18 04:20:00+00:00,372.1488
2020-03-18 04:30:00+00:00,372.1488
2020-03-18 04:40:00+00:00,372.14746
2020-03-18 04:50:00+00:00,372.14746
2020-03-18 05:00:00+00:00,372.15433
2020-03-18 05:10:00+00:00,372.14746
2020-03-18 05:20:00+00:00,372.15433
2020-03-18 05:30:00+00:00,372.15433
2020-03-18 05:40:00+00:00,372.15433
2020-03-18 05:50:00+00:00,372.1797
2020-03-18 06:00:00+00:00,372.15433
2020-03-18 06:10:00+00:00,372.15433
2020-03-18 06:20:00+00:00,372.14917
2020-03-18 06:30:00+00:00,372.15433
2020-03-18 06:40:00+00:00,372.15433
2020-03-18 06:50:00+00:00,372.15598
2020-03-18 07:00:00+00:00,372.15433
2020-03-18 07:10:00+00:00,372.15433
2020-03-18 07:20:00+00:00,372.14746
2020-03-18 07:30:00+00:00,372.14572
2020-03-18 07:40:00+00:00,372.15433
2020-03-18 07:50:00+00:00,372.15433
2020-03-18 08:00:00+00:00,372.14478
2020-03-18 08:10:00+00:00,372.15338
2020-03-18 08:20:00+00:00,372.23483
2020-03-18 08:30:00+00:00,372.14822
2020-03-18 08:40:00+00:00,372.15503
2020-03-18 08:50:00+00:00,372.15338
2020-03-18 09:00:00+00:00,372.13638
2020-03-18 09:10:00+00:00,372.13638
2020-03-18 09:20:00+00:00,372.13638
2020-03-18 09:30:00+00:00,372.13464
2020-03-18 09:40:00+00:00,372.14325
2020-03-18 09:50:00+00:00,372.13464
2020-03-18 10:00:00+00:00,372.14325
2020-03-18 10:10:00+00:00,372.14325
2020-03-18 10:20:00+00:00,372.14325
2020-03-18 10:30:00+00:00,372.13638
2020-03-18 10:40:00+00:00,372.14325
2020-03-18 10:50:00+00:00,372.14325
2020-03-18 11:00:00+00:00,372.11737
2020-03-18 11:10:00+00:00,372.11737
2020-03-18 11:20:00+00:00,372.11737
2020-03-18 11:30:00+00:00,372.1105
2020-03-18 11:40:00+00:00,372.1105
2020-03-18 11:50:00+00:00,372.1105
2020-03-18 12:00:00+00:00,372.1105
2020-03-18 12:10:00+00:00,372.12695
2020-03-18 12:20:00+00:00,372.12695
2020-03-18 12:30:00+00:00,372.1105
2020-03-18 12:40:00+00:00,372.1105
2020-03-18 12:50:00+00:00,372.1105
2020-03-18 13:00:00+00:00,372.1105
2020-03-18 13:10:00+00:00,372.1105
2020-03-18 13:20:00+00:00,372.12695
2020-03-18 13:30:00+00:00,372.12695
2020-03-18 13:40:00+00:00,372.12695
2020-03-18 13:50:00+00:00,372.11185
2020-03-18 14:00:00+00:00,372.11185
2020-03-18 14:10:00+00:00,372.11185
2020-03-18 14:20:00+00:00,372.11185
2020-03-18 14:30:00+00:00,372.11185
2020-03-18 14:40:00+00:00,372.11185
2020-03-18 14:50:00+00:00,372.11185
2020-03-18 15:00:00+00:00,372.12146
2020-03-18 15:10:00+00:00,372.12146
2020-03-18 15:20:00+00:00,372.12146
2020-03-18 15:30:00+00:00,372.12146
2020-03-18 15:40:00+00:00,372.12146
2020-03-18 15:50:00+00:00,372.12146
2020-03-18 16:00:00+00:00,372.1272
2020-03-18 16:10:00+00:00,372.1272
2020-03-18 16:20:00+00:00,372.1272
2020-03-18 16:30:00+00:00,372.1272
2020-03-18 16:40:00+00:00,372.1272
2020-03-18 16:50:00+00:00,372.1272
2020-03-18 17:00:00+00:00,372.1272
2020-03-18 17:10:00+00:00,372.1272
2020-03-18 17:20:00+00:00,372.1272
2020-03-18 17:30:00+00:00,372.1272
2020-03-18 17:40:00+00:00,372.1272
2020-03-18 17:50:00+00:00,372.1272
2020-03-18 18:00:00+00:00,372.1272
2020-03-18 18:10:00+00:00,372.1272
2020-03-18 18:20:00+00:00,372.1272
2020-03-18 18:30:00+00:00,372.1272
2020-03-18 18:40:00+00:00,372.1272
2020-03-18 18:50:00+00:00,372.1272
2020-03-18 19:00:00+00:00,372.1372
2020-03-18 19:10:00+00:00,372.1372
2020-03-18 19:20:00+00:00,372.1372
2020-03-18 19:30:00+00:00,372.1372
2020-03-18 19:40:00+00:00,372.1372
2020-03-18 19:50:00+00:00,371.9779
2020-03-18 20:00:00+00:00,371.9779
2020-03-18 20:10:00+00:00,372.1413
2020-03-18 20:20:00+00:00,372.1413
2020-03-18 20:30:00+00:00,372.1413
2020-03-18 20:40:00+00:00,372.1413
2020-03-18 20:50:00+00:00,372.1413
2020-03-18 21:00:00+00:00,372.1413
2020-03-18 21:10:00+00:00,372.1413
2020-03-18 21:20:00+00:00,372.13995
2020-03-18 21:30:00+00:00,372.1413
2020-03-18 21:40:00+00:00,372.13995
2020-03-18 21:50:00+00:00,372.1413
2020-03-18 22:00:00+00:00,372.1413
2020-03-18 22:10:00+00:00,372.1413
2020-03-18 22:20:00+00:00,372.1413
2020-03-18 22:30:00+00:00,372.1413
2020-03-18 22:40:00+00:00,372.1413
2020-03-18 22:50:00+00:00,372.13995
2020-03-18 23:00:00+00:00,372.1564
2020-03-18 23:10:00+00:00,372.13995
2020-03-18 23:20:00+00:00,372.13995
2020-03-18 23:30:00+00:00,372.1564
2020-03-18 23:40:00+00:00,372.13995
2020-03-18 23:50:00+00:00,372.13995
2020-03-19 00:00:00+00:00,372.12308
2020-03-19 00:10:00+00:00,372.12442
2020-03-19 00:20:00+00:00,372.12308
2020-03-19 00:30:00+00:00,372.12308
2020-03-19 00:40:00+00:00,372.12442
2020-03-19 00:50:00+00:00,372.12442
2020-03-19 01:00:00+00:00,372.12308
2020-03-19 01:10:00+00:00,372.12442
2020-03-19 01:20:00+00:00,372.12442
2020-03-19 01:30:00+00:00,372.13953
2020-03-19 01:40:00+00:00,372.12442
2020-03-19 01:50:00+00:00,372.12442
2020-03-19 02:00:00+00:00,372.1529
2020-03-19 02:10:00+00:00,372.1529
2020-03-19 02:20:00+00:00,372.1529
2020-03-19 02:30:00+00:00,372.168
2020-03-19 02:40:00+00:00,372.1529
2020-03-19 02:50:00+00:00,372.1529
2020-03-19 03:00:00+00:00,372.1529
2020-03-19 03:10:00+00:00,372.15155
2020-03-19 03:20:00+00:00,372.168
2020-03-19 03:30:00+00:00,372.1529
2020-03-19 03:40:00+00:00,372.1529
2020-03-19 03:50:00+00:00,372.1529
2020-03-19 04:00:00+00:00,372.1529
2020-03-19 04:10:00+00:00,372.15155
2020-03-19 04:20:00+00:00,372.15155
2020-03-19 04:30:00+00:00,372.1498
2020-03-19 04:40:00+00:00,372.15155
2020-03-19 04:50:00+00:00,372.15842
2020-03-19 05:00:00+00:00,372.15842
2020-03-19 05:10:00+00:00,372.15842
2020-03-19 05:20:00+00:00,372.15842
2020-03-19 05:30:00+00:00,372.15842
2020-03-19 05:40:00+00:00,372.15155
2020-03-19 05:50:00+00:00,372.1498
2020-03-19 06:00:00+00:00,372.15842
2020-03-19 06:10:00+00:00,372.1498
2020-03-19 06:20:00+00:00,372.1498
2020-03-19 06:30:00+00:00,372.15842
2020-03-19 06:40:00+00:00,372.15842
2020-03-19 06:50:00+00:00,372.15842
2020-03-19 07:00:00+00:00,372.1498
2020-03-19 07:10:00+00:00,372.15155
2020-03-19 07:20:00+00:00,372.15155
2020-03-19 07:30:00+00:00,372.15842
2020-03-19 07:40:00+00:00,372.15155
2020-03-19 07:50:00+00:00,372.1498
2020-03-19 08:00:00+00:00,372.1506
2020-03-19 08:10:00+00:00,372.1506
2020-03-19 08:20:00+00:00,372.1506
2020-03-19 08:30:00+00:00,372.1506
2020-03-19 08:40:00+00:00,372.14648
2020-03-19 08:50:00+00:00,372.16293
2020-03-19 09:00:00+00:00,372.12897
2020-03-19 09:10:00+00:00,372.12897
2020-03-19 09:20:00+00:00,372.14542
2020-03-19 09:30:00+00:00,372.14542
2020-03-19 09:40:00+00:00,372.12897
2020-03-19 09:50:00+00:00,372.12897
2020-03-19 10:00:00+00:00,372.13583
2020-03-19 10:10:00+00:00,372.13068
2020-03-19 10:20:00+00:00,372.13583
2020-03-19 10:30:00+00:00,372.13583
2020-03-19 10:40:00+00:00,372.13583
2020-03-19 10:50:00+00:00,372.13583
2020-03-19 11:00:00+00:00,372.1353
2020-03-19 11:10:00+00:00,372.10995
2020-03-19 11:20:00+00:00,372.10995
2020-03-19 11:30:00+00:00,372.0906
2020-03-19 11:40:00+00:00,372.10995
2020-03-19 11:50:00+00:00,372.1456
2020-03-19 12:00:00+00:00,372.1456
2020-03-19 12:10:00+00:00,372.137
2020-03-19 12:20:00+00:00,372.13873
2020-03-19 12:30:00+00:00,372.13873
2020-03-19 12:40:00+00:00,372.13873
2020-03-19 12:50:00+00:00,372.14008
2020-03-19 13:00:00+00:00,372.14008
2020-03-19 13:10:00+00:00,372.14008
2020-03-19 13:20:00+00:00,372.14008
2020-03-19 13:30:00+00:00,372.14008
2020-03-19 13:40:00+00:00,372.14008
2020-03-19 13:50:00+00:00,372.14008
2020-03-19 14:00:00+00:00,372.14008
2020-03-19 14:10:00+00:00,372.14008
2020-03-19 14:20:00+00:00,372.14008
2020-03-19 14:30:00+00:00,372.15518
2020-03-19 14:40:00+00:00,372.15518
2020-03-19 14:50:00+00:00,372.15518
2020-03-19 15:00:00+00:00,372.1648
2020-03-19 15:10:00+00:00,372.1648
2020-03-19 15:20:00+00:00,372.1648
2020-03-19 15:30:00+00:00,372.1497
2020-03-19 15:40:00+00:00,372.1497
2020-03-19 15:50:00+00:00,372.1497
2020-03-19 16:00:00+00:00,372.15543
2020-03-19 16:10:00+00:00,372.15543
2020-03-19 16:20:00+00:00,372.15543
2020-03-19 16:30:00+00:00,372.15543
2020-03-19 16:40:00+00:00,372.08673
2020-03-19 16:50:00+00:00,372.08673
2020-03-19 17:00:00+00:00,372.16653
2020-03-19 17:10:00+00:00,372.15543
2020-03-19 17:20:00+00:00,372.15543
2020-03-19 17:30:00+00:00,372.15543
2020-03-19 17:40:00+00:00,372.15543
2020-03-19 17:50:00+00:00,372.15543
2020-03-19 18:00:00+00:00,372.15543
2020-03-19 18:10:00+00:00,372.1132
2020-03-19 18:20:00+00:00,372.1132
2020-03-19 18:30:00+00:00,372.1132
2020-03-19 18:40:00+00:00,372.1243
2020-03-19 18:50:00+00:00,372.1132
2020-03-19 19:00:00+00:00,372.1232
2020-03-19 19:10:00+00:00,372.1232
2020-03-19 19:20:00+00:00,372.1232
2020-03-19 19:30:00+00:00,372.1232
2020-03-19 19:40:00+00:00,372.1232
2020-03-19 19:50:00+00:00,372.1232
2020-03-19 20:00:00+00:00,372.1232
2020-03-19 20:10:00+00:00,372.1192
2020-03-19 20:20:00+00:00,372.1192
2020-03-19 20:30:00+00:00,372.1192
2020-03-19 20:40:00+00:00,372.1192
2020-03-19 20:50:00+00:00,372.1192
2020-03-19 21:00:00+00:00,372.1192
2020-03-19 21:10:00+00:00,372.1192
2020-03-19 21:20:00+00:00,372.1313
2020-03-19 21:30:00+00:00,372.1313
2020-03-19 21:40:00+00:00,372.1313
2020-03-19 21:50:00+00:00,372.1313
2020-03-19 22:00:00+00:00,372.1313
2020-03-19 22:10:00+00:00,372.1313
2020-03-19 22:20:00+00:00,372.1313
2020-03-19 22:30:00+00:00,372.1313
2020-03-19 22:40:00+00:00,372.1313
2020-03-19 22:50:00+00:00,372.1313
2020-03-19 23:00:00+00:00,372.1313
2020-03-19 23:10:00+00:00,372.1313
2020-03-19 23:20:00+00:00,372.1313
2020-03-19 23:30:00+00:00,372.1313
2020-03-19 23:40:00+00:00,372.1313
2020-03-19 23:50:00+00:00,372.1313
2020-03-20 00:00:00+00:00,372.1144
2020-03-20 00:10:00+00:00,372.1144
2020-03-20 00:20:00+00:00,372.1144
2020-03-20 00:30:00+00:00,372.1144
2020-03-20 00:40:00+00:00,372.1144
2020-03-20 00:50:00+00:00,372.1144
2020-03-20 01:00:00+00:00,372.1144
2020-03-20 01:10:00+00:00,372.1144
2020-03-20 01:20:00+00:00,372.1144
2020-03-20 01:30:00+00:00,372.12552
2020-03-20 01:40:00+00:00,372.13297
2020-03-20 01:50:00+00:00,372.13297
2020-03-20 02:00:00+00:00,372.16144
2020-03-20 02:10:00+00:00,372.17255
2020-03-20 02:20:00+00:00,372.16144
2020-03-20 02:30:00+00:00,372.16144
2020-03-20 02:40:00+00:00,372.16144
2020-03-20 02:50:00+00:00,372.16144
2020-03-20 03:00:00+00:00,372.17255
2020-03-20 03:10:00+00:00,372.16144
2020-03-20 03:20:00+00:00,372.16144
2020-03-20 03:30:00+00:00,372.16144
2020-03-20 03:40:00+00:00,372.16144
2020-03-20 03:50:00+00:00,372.16144
2020-03-20 04:00:00+00:00,372.16144
2020-03-20 04:10:00+00:00,372.16144
2020-03-20 04:20:00+00:00,372.16144
2020-03-20 04:30:00+00:00,372.16144
2020-03-20 04:40:00+00:00,372.16144
2020-03-20 04:50:00+00:00,372.16144
2020-03-20 05:00:00+00:00,372.16144
2020-03-20 05:10:00+00:00,372.16144
2020-03-20 05:20:00+00:00,372.16144
2020-03-20 05:30:00+00:00,372.16144
2020-03-20 05:40:00+00:00,372.16144
2020-03-20 05:50:00+00:00,372.16144
2020-03-20 06:00:00+00:00,372.16144
2020-03-20 06:10:00+00:00,372.16144
2020-03-20 06:20:00+00:00,372.16144
2020-03-20 06:30:00+00:00,372.16144
2020-03-20 06:40:00+00:00,372.16144
2020-03-20 06:50:00+00:00,372.1601
2020-03-20 07:00:00+00:00,372.17654
2020-03-20 07:10:00+00:00,372.17654
2020-03-20 07:20:00+00:00,372.16144
2020-03-20 07:30:00+00:00,372.16144
2020-03-20 07:40:00+00:00,372.17654
2020-03-20 07:50:00+00:00,372.1601
2020-03-20 08:00:00+00:00,372.15915
2020-03-20 08:10:00+00:00,372.15915
2020-03-20 08:20:00+00:00,372.15915
2020-03-20 08:30:00+00:00,372.15915
2020-03-20 08:40:00+00:00,372.1756
2020-03-20 08:50:00+00:00,372.15915
2020-03-20 09:00:00+00:00,372.14902
2020-03-20 09:10:00+00:00,372.14902
2020-03-20 09:20:00+00:00,372.14902
2020-03-20 09:30:00+00:00,372.14902
2020-03-20 09:40:00+00:00,372.14902
2020-03-20 09:50:00+00:00,372.14902
2020-03-20 10:00:00+00:00,372.14902
2020-03-20 10:10:00+00:00,372.16077
2020-03-20 10:20:00+00:00,372.1621
2020-03-20 10:30:00+00:00,372.1621
2020-03-20 10:40:00+00:00,372.1621
2020-03-20 10:50:00+00:00,372.1621
2020-03-20 11:00:00+00:00,372.13623
2020-03-20 11:10:00+00:00,372.13623
2020-03-20 11:20:00+00:00,372.13623
2020-03-20 11:30:00+00:00,372.13623
2020-03-20 11:40:00+00:00,372.13623
2020-03-20 11:50:00+00:00,372.13623
2020-03-20 12:00:00+00:00,372.13623
2020-03-20 12:10:00+00:00,372.13623
2020-03-20 12:20:00+00:00,372.13623
2020-03-20 12:30:00+00:00,372.13623
2020-03-20 12:40:00+00:00,372.13623
2020-03-20 12:50:00+00:00,372.13623
2020-03-20 13:00:00+00:00,372.13623
2020-03-20 13:10:00+00:00,372.13623
2020-03-20 13:20:00+00:00,372.13623
2020-03-20 13:30:00+00:00,372.13623
2020-03-20 13:40:00+00:00,372.13623
2020-03-20 13:50:00+00:00,372.13623
2020-03-20 14:00:00+00:00,372.13623
2020-03-20 14:10:00+00:00,372.06754
2020-03-20 14:20:00+00:00,372.14734
2020-03-20 14:30:00+00:00,372.14734
2020-03-20 14:40:00+00:00,372.14734
2020-03-20 14:50:00+00:00,372.14734
2020-03-20 15:00:00+00:00,372.15695
2020-03-20 15:10:00+00:00,372.15695
2020-03-20 15:20:00+00:00,372.15695
2020-03-20 15:30:00+00:00,372.15695
2020-03-20 15:40:00+00:00,372.15695
2020-03-20 15:50:00+00:00,372.15695
2020-03-20 16:00:00+00:00,372.1627
2020-03-20 16:10:00+00:00,372.1627
2020-03-20 16:20:00+00:00,372.1627
2020-03-20 16:30:00+00:00,372.1627
2020-03-20 16:40:00+00:00,372.1627
2020-03-20 16:50:00+00:00,372.1627
2020-03-20 17:00:00+00:00,372.1627
2020-03-20 17:10:00+00:00,372.1627
2020-03-20 17:20:00+00:00,372.1627
2020-03-20 17:30:00+00:00,372.1627
2020-03-20 17:40:00+00:00,372.1627
2020-03-20 17:50:00+00:00,372.13358
2020-03-20 18:00:00+00:00,372.1627
2020-03-20 18:10:00+00:00,372.1627
2020-03-20 18:20:00+00:00,372.1627
2020-03-20 18:30:00+00:00,372.1634
2020-03-20 18:40:00+00:00,372.1634
2020-03-20 18:50:00+00:00,372.1634
2020-03-20 19:00:00+00:00,372.1727
2020-03-20 19:10:00+00:00,372.1616
2020-03-20 19:20:00+00:00,372.1616
2020-03-20 19:30:00+00:00,372.1616
2020-03-20 19:40:00+00:00,372.1616
2020-03-20 19:50:00+00:00,372.1616
2020-03-20 20:00:00+00:00,372.1616
2020-03-20 20:10:00+00:00,372.1616
2020-03-20 20:20:00+00:00,372.1616
2020-03-20 20:30:00+00:00,372.1727
2020-03-20 20:40:00+00:00,372.1616
2020-03-20 20:50:00+00:00,372.1616
2020-03-20 21:00:00+00:00,372.1616
2020-03-20 21:10:00+00:00,372.1727
2020-03-20 21:20:00+00:00,372.1727
2020-03-20 21:30:00+00:00,372.1616
2020-03-20 21:40:00+00:00,372.1616
2020-03-20 21:50:00+00:00,372.1734
2020-03-20 22:00:00+00:00,372.1616
2020-03-20 22:10:00+00:00,372.1734
2020-03-20 22:20:00+00:00,372.1616
2020-03-20 22:30:00+00:00,372.1734
2020-03-20 22:40:00+00:00,372.1727
2020-03-20 22:50:00+00:00,372.1734
2020-03-20 23:00:00+00:00,372.1727
2020-03-20 23:10:00+00:00,372.14984
2020-03-20 23:20:00+00:00,372.14984
2020-03-20 23:30:00+00:00,372.1727
2020-03-20 23:40:00+00:00,372.1734
2020-03-20 23:50:00+00:00,372.1734
2020-03-21 00:00:00+00:00,372.15652
2020-03-21 00:10:00+00:00,372.15582
2020-03-21 00:20:00+00:00,372.1447
2020-03-21 00:30:00+00:00,372.1447
2020-03-21 00:40:00+00:00,372.1447
2020-03-21 00:50:00+00:00,372.1447
2020-03-21 01:00:00+00:00,372.1447
2020-03-21 01:10:00+00:00,372.1447
2020-03-21 01:20:00+00:00,372.1447
2020-03-21 01:30:00+00:00,372.1447
2020-03-21 01:40:00+00:00,372.1447
2020-03-21 01:50:00+00:00,372.1447
2020-03-21 02:00:00+00:00,372.1732
2020-03-21 02:10:00+00:00,372.1732
2020-03-21 02:20:00+00:00,372.1732
2020-03-21 02:30:00+00:00,372.1732
2020-03-21 02:40:00+00:00,372.1883
2020-03-21 02:50:00+00:00,372.1732
2020-03-21 03:00:00+00:00,372.1732
2020-03-21 03:10:00+00:00,372.1732
2020-03-21 03:20:00+00:00,372.1732
2020-03-21 03:30:00+00:00,372.1883
2020-03-21 03:40:00+00:00,372.1732
2020-03-21 03:50:00+00:00,372.1732
2020-03-21 04:00:00+00:00,372.1732
2020-03-21 04:10:00+00:00,372.1732
2020-03-21 04:20:00+00:00,372.1732
2020-03-21 04:30:00+00:00,372.1883
2020-03-21 04:40:00+00:00,372.1732
2020-03-21 04:50:00+00:00,372.1732
2020-03-21 05:00:00+00:00,372.1732
2020-03-21 05:10:00+00:00,372.1732
2020-03-21 05:20:00+00:00,372.17184
2020-03-21 05:30:00+00:00,372.17184
2020-03-21 05:40:00+00:00,372.1883
2020-03-21 05:50:00+00:00,372.1732
2020-03-21 06:00:00+00:00,372.1732
2020-03-21 06:10:00+00:00,372.1732
2020-03-21 06:20:00+00:00,372.1732
2020-03-21 06:30:00+00:00,372.1732
2020-03-21 06:40:00+00:00,372.1732
2020-03-21 06:50:00+00:00,372.1732
2020-03-21 07:00:00+00:00,372.1732
2020-03-21 07:10:00+00:00,372.1732
2020-03-21 07:20:00+00:00,372.1732
2020-03-21 07:30:00+00:00,372.1732
2020-03-21 07:40:00+00:00,372.1883
2020-03-21 07:50:00+00:00,372.17184
2020-03-21 08:00:00+00:00,372.18735
2020-03-21 08:10:00+00:00,372.17224
2020-03-21 08:20:00+00:00,372.17224
2020-03-21 08:30:00+00:00,372.17224
2020-03-21 08:40:00+00:00,372.17224
2020-03-21 08:50:00+00:00,372.17224
2020-03-21 09:00:00+00:00,372.1621
2020-03-21 09:10:00+00:00,372.1621
2020-03-21 09:20:00+00:00,372.1621
2020-03-21 09:30:00+00:00,372.1621
2020-03-21 09:40:00+00:00,372.1621
2020-03-21 09:50:00+00:00,372.1621
2020-03-21 10:00:00+00:00,372.1621
2020-03-21 10:10:00+00:00,372.1621
2020-03-21 10:20:00+00:00,372.1621
2020-03-21 10:30:00+00:00,372.1621
2020-03-21 10:40:00+00:00,372.1621
2020-03-21 10:50:00+00:00,372.17322
2020-03-21 11:00:00+00:00,372.14734
2020-03-21 11:10:00+00:00,372.14734
2020-03-21 11:20:00+00:00,372.14734
2020-03-21 11:30:00+00:00,372.11823
2020-03-21 11:40:00+00:00,372.14804
2020-03-21 11:50:00+00:00,372.14734
2020-03-21 12:00:00+00:00,372.13623
2020-03-21 12:10:00+00:00,372.14734
2020-03-21 12:20:00+00:00,372.13623
2020-03-21 12:30:00+00:00,372.14734
2020-03-21 12:40:00+00:00,372.13623
2020-03-21 12:50:00+00:00,372.14734
2020-03-21 13:00:00+00:00,372.12448
2020-03-21 13:10:00+00:00,372.13623
2020-03-21 13:20:00+00:00,372.14734
2020-03-21 13:30:00+00:00,372.11823
2020-03-21 13:40:00+00:00,372.14734
2020-03-21 13:50:00+00:00,372.14734
2020-03-21 14:00:00+00:00,372.14804
2020-03-21 14:10:00+00:00,372.14804
2020-03-21 14:20:00+00:00,372.14804
2020-03-21 14:30:00+00:00,372.1476
2020-03-21 14:40:00+00:00,372.12448
2020-03-21 14:50:00+00:00,372.12448
2020-03-21 15:00:00+00:00,372.12784
2020-03-21 15:10:00+00:00,372.15765
2020-03-21 15:20:00+00:00,372.15765
2020-03-21 15:30:00+00:00,372.15765
2020-03-21 15:40:00+00:00,372.15765
2020-03-21 15:50:00+00:00,372.1341
2020-03-21 16:00:00+00:00,372.1627
2020-03-21 16:10:00+00:00,372.1627
2020-03-21 16:20:00+00:00,372.16296
2020-03-21 16:30:00+00:00,372.1627
2020-03-21 16:40:00+00:00,372.15158
2020-03-21 16:50:00+00:00,372.15158
2020-03-21 17:00:00+00:00,372.15158
2020-03-21 17:10:00+00:00,372.1627
2020-03-21 17:20:00+00:00,372.1634
2020-03-21 17:30:00+00:00,372.1627
2020-03-21 17:40:00+00:00,372.15158
2020-03-21 17:50:00+00:00,372.15158
2020-03-21 18:00:00+00:00,372.0829
2020-03-21 18:10:00+00:00,372.15158
2020-03-21 18:20:00+00:00,372.15158
2020-03-21 18:30:00+00:00,372.15158
2020-03-21 18:40:00+00:00,372.15158
2020-03-21 18:50:00+00:00,372.15158
2020-03-21 19:00:00+00:00,372.1616
2020-03-21 19:10:00+00:00,372.1616
2020-03-21 19:20:00+00:00,372.1616
2020-03-21 19:30:00+00:00,372.1616
2020-03-21 19:40:00+00:00,372.1616
2020-03-21 19:50:00+00:00,372.1616
2020-03-21 20:00:00+00:00,372.1616
2020-03-21 20:10:00+00:00,372.1727
2020-03-21 20:20:00+00:00,372.1727
2020-03-21 20:30:00+00:00,372.1727
2020-03-21 20:40:00+00:00,372.1727
2020-03-21 20:50:00+00:00,372.1616
2020-03-21 21:00:00+00:00,372.1727
2020-03-21 21:10:00+00:00,372.0929
2020-03-21 21:20:00+00:00,372.1727
2020-03-21 21:30:00+00:00,372.1616
2020-03-21 21:40:00+00:00,372.1616
2020-03-21 21:50:00+00:00,372.1727
2020-03-21 22:00:00+00:00,372.0929
2020-03-21 22:10:00+00:00,372.1616
2020-03-21 22:20:00+00:00,372.1616
2020-03-21 22:30:00+00:00,372.1616
2020-03-21 22:40:00+00:00,372.1727
2020-03-21 22:50:00+00:00,372.0929
2020-03-21 23:00:00+00:00,372.1616
2020-03-21 23:10:00+00:00,372.18796
2020-03-21 23:20:00+00:00,372.18796
2020-03-21 23:30:00+00:00,372.18796
2020-03-21 23:40:00+00:00,372.18796
2020-03-21 23:50:00+00:00,372.17685
2020-03-22 00:00:00+00:00,372.1732
2020-03-22 00:10:00+00:00,372.1732
2020-03-22 00:20:00+00:00,372.1732
2020-03-22 00:30:00+00:00,372.1843
2020-03-22 00:40:00+00:00,372.18195
2020-03-22 00:50:00+00:00,372.1732
2020-03-22 01:00:00+00:00,372.1732
2020-03-22 01:10:00+00:00,372.1732
2020-03-22 01:20:00+00:00,372.1732
2020-03-22 01:30:00+00:00,372.1732
2020-03-22 01:40:00+00:00,372.1732
2020-03-22 01:50:00+00:00,372.1732
2020-03-22 02:00:00+00:00,372.20166
2020-03-22 02:10:00+00:00,372.20166
2020-03-22 02:20:00+00:00,372.20166
2020-03-22 02:30:00+00:00,372.20166
2020-03-22 02:40:00+00:00,372.20166
2020-03-22 02:50:00+00:00,372.20166
2020-03-22 03:00:00+00:00,372.20166
2020-03-22 03:10:00+00:00,372.20166
2020-03-22 03:20:00+00:00,372.20166
2020-03-22 03:30:00+00:00,372.20166
2020-03-22 03:40:00+00:00,372.18365
2020-03-22 03:50:00+00:00,372.1899
2020-03-22 04:00:00+00:00,372.1899
2020-03-22 04:10:00+00:00,372.21347
2020-03-22 04:20:00+00:00,372.20166
2020-03-22 04:30:00+00:00,372.1899
2020-03-22 04:40:00+00:00,372.1899
2020-03-22 04:50:00+00:00,372.21277
2020-03-22 05:00:00+00:00,372.21347
2020-03-22 05:10:00+00:00,372.21347
2020-03-22 05:20:00+00:00,372.1899
2020-03-22 05:30:00+00:00,372.21277
2020-03-22 05:40:00+00:00,372.21277
2020-03-22 05:50:00+00:00,372.18365
2020-03-22 06:00:00+00:00,372.18365
2020-03-22 06:10:00+00:00,372.21277
2020-03-22 06:20:00+00:00,372.1899
2020-03-22 06:30:00+00:00,372.21347
2020-03-22 06:40:00+00:00,372.18365
2020-03-22 06:50:00+00:00,372.21347
2020-03-22 07:00:00+00:00,372.18365
2020-03-22 07:10:00+00:00,372.18365
2020-03-22 07:20:00+00:00,372.21277
2020-03-22 07:30:00+00:00,372.1899
2020-03-22 07:40:00+00:00,372.21347
2020-03-22 07:50:00+00:00,372.21277
2020-03-22 08:00:00+00:00,372.21182
2020-03-22 08:10:00+00:00,372.2007
2020-03-22 08:20:00+00:00,372.20947
2020-03-22 08:30:00+00:00,372.2007
2020-03-22 08:40:00+00:00,372.2007
2020-03-22 08:50:00+00:00,372.2007
2020-03-22 09:00:00+00:00,372.2057
2020-03-22 09:10:00+00:00,372.19058
2020-03-22 09:20:00+00:00,372.18924
2020-03-22 09:30:00+00:00,372.18924
2020-03-22 09:40:00+00:00,372.1875
2020-03-22 09:50:00+00:00,372.18924
2020-03-22 10:00:00+00:00,372.18924
2020-03-22 10:10:00+00:00,372.18924
2020-03-22 10:20:00+00:00,372.1961
2020-03-22 10:30:00+00:00,372.1961
2020-03-22 10:40:00+00:00,372.1875
2020-03-22 10:50:00+00:00,372.1961
2020-03-22 11:00:00+00:00,372.17023
2020-03-22 11:10:00+00:00,372.16162
2020-03-22 11:20:00+00:00,372.16336
2020-03-22 11:30:00+00:00,372.16336
2020-03-22 11:40:00+00:00,372.1798
2020-03-22 11:50:00+00:00,372.16336
2020-03-22 12:00:00+00:00,372.16336
2020-03-22 12:10:00+00:00,372.16336
2020-03-22 12:20:00+00:00,372.16336
2020-03-22 12:30:00+00:00,372.16336
2020-03-22 12:40:00+00:00,372.16336
2020-03-22 12:50:00+00:00,372.16336
2020-03-22 13:00:00+00:00,372.16336
2020-03-22 13:10:00+00:00,372.16336
2020-03-22 13:20:00+00:00,372.16336
2020-03-22 13:30:00+00:00,372.1798
2020-03-22 13:40:00+00:00,372.1798
2020-03-22 13:50:00+00:00,372.1798
2020-03-22 14:00:00+00:00,372.1647
2020-03-22 14:10:00+00:00,372.1647
2020-03-22 14:20:00+00:00,372.1647
2020-03-22 14:30:00+00:00,372.1647
2020-03-22 14:40:00+00:00,372.1647
2020-03-22 14:50:00+00:00,372.1647
2020-03-22 15:00:00+00:00,372.17432
2020-03-22 15:10:00+00:00,372.17432
2020-03-22 15:20:00+00:00,372.17432
2020-03-22 15:30:00+00:00,372.17432
2020-03-22 15:40:00+00:00,372.17432
2020-03-22 15:50:00+00:00,372.17432
2020-03-22 16:00:00+00:00,372.18005
2020-03-22 16:10:00+00:00,372.18005
2020-03-22 16:20:00+00:00,372.19116
2020-03-22 16:30:00+00:00,372.19116
2020-03-22 16:40:00+00:00,372.19116
2020-03-22 16:50:00+00:00,372.19116
2020-03-22 17:00:00+00:00,372.19116
2020-03-22 17:10:00+00:00,372.19116
2020-03-22 17:20:00+00:00,372.19116
2020-03-22 17:30:00+00:00,372.19116
2020-03-22 17:40:00+00:00,372.18005
2020-03-22 17:50:00+00:00,372.18005
2020-03-22 18:00:00+00:00,372.18005
2020-03-22 18:10:00+00:00,372.18005
2020-03-22 18:20:00+00:00,372.19116
2020-03-22 18:30:00+00:00,372.19116
2020-03-22 18:40:00+00:00,372.19186
2020-03-22 18:50:00+00:00,372.19144
2020-03-22 19:00:00+00:00,372.20187
2020-03-22 19:10:00+00:00,372.20187
2020-03-22 19:20:00+00:00,372.20117
2020-03-22 19:30:00+00:00,372.19006
2020-03-22 19:40:00+00:00,372.19006
2020-03-22 19:50:00+00:00,372.19006
2020-03-22 20:00:00+00:00,372.19006
2020-03-22 20:10:00+00:00,372.19006
2020-03-22 20:20:00+00:00,372.19006
2020-03-22 20:30:00+00:00,372.19006
2020-03-22 20:40:00+00:00,372.19006
2020-03-22 20:50:00+00:00,372.19006
2020-03-22 21:00:00+00:00,372.19006
2020-03-22 21:10:00+00:00,372.19006
2020-03-22 21:20:00+00:00,372.21912
2020-03-22 21:30:00+00:00,372.21912
2020-03-22 21:40:00+00:00,372.23022
2020-03-22 21:50:00+00:00,372.23022
2020-03-22 22:00:00+00:00,372.20737
2020-03-22 22:10:00+00:00,372.23022
2020-03-22 22:20:00+00:00,372.21912
2020-03-22 22:30:00+00:00,372.21912
2020-03-22 22:40:00+00:00,372.21912
2020-03-22 22:50:00+00:00,372.21912
2020-03-22 23:00:00+00:00,372.21912
2020-03-22 23:10:00+00:00,372.21912
2020-03-22 23:20:00+00:00,372.21912
2020-03-22 23:30:00+00:00,372.21912
2020-03-22 23:40:00+00:00,372.21912
2020-03-22 23:50:00+00:00,372.21912
2020-03-23 00:00:00+00:00,372.18903
2020-03-23 00:10:00+00:00,372.18903
2020-03-23 00:20:00+00:00,372.18903
2020-03-23 00:30:00+00:00,372.18903
2020-03-23 00:40:00+00:00,372.18903
2020-03-23 00:50:00+00:00,372.18903
2020-03-23 01:00:00+00:00,372.18903
2020-03-23 01:10:00+00:00,372.18903
2020-03-23 01:20:00+00:00,372.19778
2020-03-23 01:30:00+00:00,372.18903
2020-03-23 01:40:00+00:00,372.18903
2020-03-23 01:50:00+00:00,372.20013
2020-03-23 02:00:00+00:00,372.2175
2020-03-23 02:10:00+00:00,372.2175
2020-03-23 02:20:00+00:00,372.1995
2020-03-23 02:30:00+00:00,372.2175
2020-03-23 02:40:00+00:00,372.2175
2020-03-23 02:50:00+00:00,372.2175
2020-03-23 03:00:00+00:00,372.2175
2020-03-23 03:10:00+00:00,372.2175
2020-03-23 03:20:00+00:00,372.2286
2020-03-23 03:30:00+00:00,372.2175
2020-03-23 03:40:00+00:00,372.2175
2020-03-23 03:50:00+00:00,372.2175
2020-03-23 04:00:00+00:00,372.22626
2020-03-23 04:10:00+00:00,372.2175
2020-03-23 04:20:00+00:00,372.2175
2020-03-23 04:30:00+00:00,372.2175
2020-03-23 04:40:00+00:00,372.2175
2020-03-23 04:50:00+00:00,372.2175
2020-03-23 05:00:00+00:00,372.2175
2020-03-23 05:10:00+00:00,372.2175
2020-03-23 05:20:00+00:00,372.2326
2020-03-23 05:30:00+00:00,372.2175
2020-03-23 05:40:00+00:00,372.2175
2020-03-23 05:50:00+00:00,372.2175
2020-03-23 06:00:00+00:00,372.21616
2020-03-23 06:10:00+00:00,372.21616
2020-03-23 06:20:00+00:00,372.21616
2020-03-23 06:30:00+00:00,372.21616
2020-03-23 06:40:00+00:00,372.21442
2020-03-23 06:50:00+00:00,372.22302
2020-03-23 07:00:00+00:00,372.21442
2020-03-23 07:10:00+00:00,372.22302
2020-03-23 07:20:00+00:00,372.22302
2020-03-23 07:30:00+00:00,372.22302
2020-03-23 07:40:00+00:00,372.22302
2020-03-23 07:50:00+00:00,372.22302
2020-03-23 08:00:00+00:00,372.22208
2020-03-23 08:10:00+00:00,372.2079
2020-03-23 08:20:00+00:00,372.22208
2020-03-23 08:30:00+00:00,372.22208
2020-03-23 08:40:00+00:00,372.22208
2020-03-23 08:50:00+00:00,372.3087
2020-03-23 09:00:00+00:00,372.21194
2020-03-23 09:10:00+00:00,372.21875
2020-03-23 09:20:00+00:00,372.29855
2020-03-23 09:30:00+00:00,372.24246
2020-03-23 09:40:00+00:00,372.21875
2020-03-23 09:50:00+00:00,372.19775
2020-03-23 10:00:00+00:00,372.21194
2020-03-23 10:10:00+00:00,372.21875
2020-03-23 10:20:00+00:00,372.29855
2020-03-23 10:30:00+00:00,372.21194
2020-03-23 10:40:00+00:00,372.29855
2020-03-23 10:50:00+00:00,372.21194
2020-03-23 11:00:00+00:00,372.18607
2020-03-23 11:10:00+00:00,372.27267
2020-03-23 11:20:00+00:00,372.19287
2020-03-23 11:30:00+00:00,372.18607
2020-03-23 11:40:00+00:00,372.19287
2020-03-23 11:50:00+00:00,372.18607
2020-03-23 12:00:00+00:00,372.18607
2020-03-23 12:10:00+00:00,372.1792
2020-03-23 12:20:00+00:00,372.19565
2020-03-23 12:30:00+00:00,372.18054
2020-03-23 12:40:00+00:00,372.18054
2020-03-23 12:50:00+00:00,372.18054
2020-03-23 13:00:00+00:00,372.18054
2020-03-23 13:10:00+00:00,372.18054
2020-03-23 13:20:00+00:00,372.18054
2020-03-23 13:30:00+00:00,372.18054
2020-03-23 13:40:00+00:00,372.18054
2020-03-23 13:50:00+00:00,372.18054
2020-03-23 14:00:00+00:00,372.1747
2020-03-23 14:10:00+00:00,372.1456
2020-03-23 14:20:00+00:00,372.175
2020-03-23 14:30:00+00:00,372.1456
2020-03-23 14:40:00+00:00,372.1747
2020-03-23 14:50:00+00:00,372.1747
2020-03-23 15:00:00+00:00,372.17322
2020-03-23 15:10:00+00:00,372.11276
2020-03-23 15:20:00+00:00,372.19257
2020-03-23 15:30:00+00:00,372.19257
2020-03-23 15:40:00+00:00,372.18146
2020-03-23 15:50:00+00:00,372.18146
2020-03-23 16:00:00+00:00,372.1872
2020-03-23 16:10:00+00:00,372.1872
2020-03-23 16:20:00+00:00,372.1872
2020-03-23 16:30:00+00:00,372.1872
2020-03-23 16:40:00+00:00,372.1872
2020-03-23 16:50:00+00:00,372.1983
2020-03-23 17:00:00+00:00,372.1983
2020-03-23 17:10:00+00:00,372.17502
2020-03-23 17:20:00+00:00,372.17572
2020-03-23 17:30:00+00:00,372.1459
2020-03-23 17:40:00+00:00,372.17502
2020-03-23 17:50:00+00:00,372.1639
2020-03-23 18:00:00+00:00,372.1639
2020-03-23 18:10:00+00:00,372.1639
2020-03-23 18:20:00+00:00,372.1639
2020-03-23 18:30:00+00:00,372.1639
2020-03-23 18:40:00+00:00,372.1639
2020-03-23 18:50:00+00:00,372.1639
2020-03-23 19:00:00+00:00,372.17392
2020-03-23 19:10:00+00:00,372.17392
2020-03-23 19:20:00+00:00,372.17392
2020-03-23 19:30:00+00:00,372.17392
2020-03-23 19:40:00+00:00,372.17392
2020-03-23 19:50:00+00:00,372.17392
2020-03-23 20:00:00+00:00,372.17392
2020-03-23 20:10:00+00:00,372.18503
2020-03-23 20:20:00+00:00,372.18503
2020-03-23 20:30:00+00:00,372.17392
2020-03-23 20:40:00+00:00,372.18503
2020-03-23 20:50:00+00:00,372.18503
2020-03-23 21:00:00+00:00,372.18503
2020-03-23 21:10:00+00:00,372.18503
2020-03-23 21:20:00+00:00,372.18503
2020-03-23 21:30:00+00:00,372.17392
2020-03-23 21:40:00+00:00,372.18503
2020-03-23 21:50:00+00:00,372.17392
2020-03-23 22:00:00+00:00,372.17258
2020-03-23 22:10:00+00:00,372.17392
2020-03-23 22:20:00+00:00,372.17392
2020-03-23 22:30:00+00:00,372.17392
2020-03-23 22:40:00+00:00,372.17392
2020-03-23 22:50:00+00:00,372.17392
2020-03-23 23:00:00+00:00,372.17392
2020-03-23 23:10:00+00:00,372.17392
2020-03-23 23:20:00+00:00,372.17392
2020-03-23 23:30:00+00:00,372.17392
2020-03-23 23:40:00+00:00,372.17392
2020-03-23 23:50:00+00:00,372.17392
2020-03-24 00:00:00+00:00,371.85263
2020-03-24 00:10:00+00:00,371.85263
2020-03-24 00:20:00+00:00,371.85263
2020-03-24 00:30:00+00:00,371.85263
2020-03-24 00:40:00+00:00,371.85263
2020-03-24 00:50:00+00:00,371.85263
2020-03-24 01:00:00+00:00,371.85263
2020-03-24 01:10:00+00:00,371.85263
2020-03-24 01:20:00+00:00,371.86374
2020-03-24 01:30:00+00:00,371.85263
2020-03-24 01:40:00+00:00,371.85263
2020-03-24 01:50:00+00:00,371.85263
2020-03-24 02:00:00+00:00,371.8811
2020-03-24 02:10:00+00:00,371.88986
2020-03-24 02:20:00+00:00,371.8811
2020-03-24 02:30:00+00:00,371.8811
2020-03-24 02:40:00+00:00,371.8811
2020-03-24 02:50:00+00:00,371.8811
2020-03-24 03:00:00+00:00,371.8811
2020-03-24 03:10:00+00:00,371.8811
2020-03-24 03:20:00+00:00,371.8811
2020-03-24 03:30:00+00:00,371.8811
2020-03-24 03:40:00+00:00,371.8811
2020-03-24 03:50:00+00:00,371.8811
2020-03-24 04:00:00+00:00,371.8811
2020-03-24 04:10:00+00:00,371.8811
2020-03-24 04:20:00+00:00,371.8811
2020-03-24 04:30:00+00:00,371.8811
2020-03-24 04:40:00+00:00,371.8811
2020-03-24 04:50:00+00:00,371.8811
2020-03-24 05:00:00+00:00,371.8811
2020-03-24 05:10:00+00:00,371.8811
2020-03-24 05:20:00+00:00,371.8811
2020-03-24 05:30:00+00:00,371.8811
2020-03-24 05:40:00+00:00,371.8811
2020-03-24 05:50:00+00:00,371.8811
2020-03-24 06:00:00+00:00,371.8811
2020-03-24 06:10:00+00:00,371.8811
2020-03-24 06:20:00+00:00,371.8811
2020-03-24 06:30:00+00:00,371.8811
2020-03-24 06:40:00+00:00,371.8811
2020-03-24 06:50:00+00:00,371.8962
2020-03-24 07:00:00+00:00,371.87976
2020-03-24 07:10:00+00:00,371.87976
2020-03-24 07:20:00+00:00,371.87976
2020-03-24 07:30:00+00:00,371.87976
2020-03-24 07:40:00+00:00,371.87976
2020-03-24 07:50:00+00:00,371.87976
2020-03-24 08:00:00+00:00,372.18323
2020-03-24 08:10:00+00:00,372.18323
2020-03-24 08:20:00+00:00,372.18323
2020-03-24 08:30:00+00:00,372.18323
2020-03-24 08:40:00+00:00,372.18323
2020-03-24 08:50:00+00:00,372.18323
2020-03-24 09:00:00+00:00,372.1731
2020-03-24 09:10:00+00:00,372.18954
2020-03-24 09:20:00+00:00,372.18954
2020-03-24 09:30:00+00:00,372.17444
2020-03-24 09:40:00+00:00,372.18954
2020-03-24 09:50:00+00:00,372.18954
2020-03-24 10:00:00+00:00,372.18954
2020-03-24 10:10:00+00:00,372.18954
2020-03-24 10:20:00+00:00,372.18954
2020-03-24 10:30:00+00:00,372.17444
2020-03-24 10:40:00+00:00,372.17444
2020-03-24 10:50:00+00:00,372.17444
2020-03-24 11:00:00+00:00,372.14856
2020-03-24 11:10:00+00:00,372.14856
2020-03-24 11:20:00+00:00,372.14856
2020-03-24 11:30:00+00:00,372.14856
2020-03-24 11:40:00+00:00,372.14856
2020-03-24 11:50:00+00:00,372.14856
2020-03-24 12:00:00+00:00,372.14856
2020-03-24 12:10:00+00:00,372.14856
2020-03-24 12:20:00+00:00,372.14856
2020-03-24 12:30:00+00:00,372.14856
2020-03-24 12:40:00+00:00,372.14856
2020-03-24 12:50:00+00:00,372.14856
2020-03-24 13:00:00+00:00,372.07986
2020-03-24 13:10:00+00:00,372.15967
2020-03-24 13:20:00+00:00,372.15967
2020-03-24 13:30:00+00:00,372.15967
2020-03-24 13:40:00+00:00,372.16037
2020-03-24 13:50:00+00:00,372.1368
2020-03-24 14:00:00+00:00,372.15967
2020-03-24 14:10:00+00:00,372.15967
2020-03-24 14:20:00+00:00,372.14856
2020-03-24 14:30:00+00:00,372.14856
2020-03-24 14:40:00+00:00,372.14856
2020-03-24 14:50:00+00:00,372.14856
2020-03-24 15:00:00+00:00,372.08948
2020-03-24 15:10:00+00:00,372.15817
2020-03-24 15:20:00+00:00,372.15817
2020-03-24 15:30:00+00:00,372.16928
2020-03-24 15:40:00+00:00,372.16928
2020-03-24 15:50:00+00:00,372.16928
2020-03-24 16:00:00+00:00,372.17572
2020-03-24 16:10:00+00:00,372.17572
2020-03-24 16:20:00+00:00,372.17572
2020-03-24 16:30:00+00:00,372.17502
2020-03-24 16:40:00+00:00,372.1639
2020-03-24 16:50:00+00:00,372.1639
2020-03-24 17:00:00+00:00,372.1639
2020-03-24 17:10:00+00:00,372.1639
2020-03-24 17:20:00+00:00,372.1639
2020-03-24 17:30:00+00:00,372.17502
2020-03-24 17:40:00+00:00,372.1639
2020-03-24 17:50:00+00:00,372.1639
2020-03-24 18:00:00+00:00,372.1639
2020-03-24 18:10:00+00:00,372.1639
2020-03-24 18:20:00+00:00,372.1639
2020-03-24 18:30:00+00:00,372.1639
2020-03-24 18:40:00+00:00,372.17502
2020-03-24 18:50:00+00:00,372.1639
2020-03-24 19:00:00+00:00,372.18573
2020-03-24 19:10:00+00:00,372.17392
2020-03-24 19:20:00+00:00,372.17392
2020-03-24 19:30:00+00:00,372.18503
2020-03-24 19:40:00+00:00,372.18503
2020-03-24 19:50:00+00:00,372.17392
2020-03-24 20:00:00+00:00,372.17392
2020-03-24 20:10:00+00:00,372.17392
2020-03-24 20:20:00+00:00,372.1853
2020-03-24 20:30:00+00:00,372.17392
2020-03-24 20:40:00+00:00,372.1853
2020-03-24 20:50:00+00:00,372.18503
2020-03-24 21:00:00+00:00,372.17392
2020-03-24 21:10:00+00:00,372.17392
2020-03-24 21:20:00+00:00,372.18503
2020-03-24 21:30:00+00:00,372.17392
2020-03-24 21:40:00+00:00,372.18503
2020-03-24 21:50:00+00:00,372.10522
2020-03-24 22:00:00+00:00,372.17392
2020-03-24 22:10:00+00:00,372.10522
2020-03-24 22:20:00+00:00,372.17392
2020-03-24 22:30:00+00:00,372.17392
2020-03-24 22:40:00+00:00,372.17392
2020-03-24 22:50:00+00:00,372.17392
2020-03-24 23:00:00+00:00,372.17392
2020-03-24 23:10:00+00:00,372.17392
2020-03-24 23:20:00+00:00,372.17392
2020-03-24 23:30:00+00:00,372.17392
2020-03-24 23:40:00+00:00,372.17392
2020-03-24 23:50:00+00:00,372.17392
2020-03-25 00:00:00+00:00,371.85263
2020-03-25 00:10:00+00:00,371.86774
2020-03-25 00:20:00+00:00,371.86774
2020-03-25 00:30:00+00:00,371.85263
2020-03-25 00:40:00+00:00,371.85263
2020-03-25 00:50:00+00:00,371.8513
2020-03-25 01:00:00+00:00,371.8513
2020-03-25 01:10:00+00:00,371.84955
2020-03-25 01:20:00+00:00,371.85815
2020-03-25 01:30:00+00:00,371.85815
2020-03-25 01:40:00+00:00,371.84955
2020-03-25 01:50:00+00:00,371.8513
2020-03-25 02:00:00+00:00,371.88663
2020-03-25 02:10:00+00:00,371.88663
2020-03-25 02:20:00+00:00,371.87976
2020-03-25 02:30:00+00:00,371.87976
2020-03-25 02:40:00+00:00,371.87976
2020-03-25 02:50:00+00:00,371.87802
2020-03-25 03:00:00+00:00,371.87802
2020-03-25 03:10:00+00:00,371.88663
2020-03-25 03:20:00+00:00,371.88663
2020-03-25 03:30:00+00:00,371.87802
2020-03-25 03:40:00+00:00,371.87976
2020-03-25 03:50:00+00:00,371.87976
2020-03-25 04:00:00+00:00,371.8962
2020-03-25 04:10:00+00:00,371.8811
2020-03-25 04:20:00+00:00,371.8811
2020-03-25 04:30:00+00:00,371.8811
2020-03-25 04:40:00+00:00,371.8811
2020-03-25 04:50:00+00:00,371.8811
2020-03-25 05:00:00+00:00,371.8811
2020-03-25 05:10:00+00:00,371.8962
2020-03-25 05:20:00+00:00,371.8811
2020-03-25 05:30:00+00:00,371.8811
2020-03-25 05:40:00+00:00,371.8811
2020-03-25 05:50:00+00:00,371.8811
2020-03-25 06:00:00+00:00,371.8811
2020-03-25 06:10:00+00:00,371.8922
2020-03-25 06:20:00+00:00,371.8929
2020-03-25 06:30:00+00:00,371.8929
2020-03-25 06:40:00+00:00,371.8929
2020-03-25 06:50:00+00:00,371.8929
2020-03-25 07:00:00+00:00,371.8929
2020-03-25 07:10:00+00:00,371.85736
2020-03-25 07:20:00+00:00,371.88092
2020-03-25 07:30:00+00:00,371.88022
2020-03-25 07:40:00+00:00,371.87787
2020-03-25 07:50:00+00:00,371.8691
2020-03-25 08:00:00+00:00,372.17258
2020-03-25 08:10:00+00:00,372.18134
2020-03-25 08:20:00+00:00,372.17258
2020-03-25 08:30:00+00:00,372.1837
2020-03-25 08:40:00+00:00,372.1837
2020-03-25 08:50:00+00:00,372.1837
2020-03-25 09:00:00+00:00,372.16245
2020-03-25 09:10:00+00:00,372.16245
2020-03-25 09:20:00+00:00,372.16245
2020-03-25 09:30:00+00:00,372.16245
2020-03-25 09:40:00+00:00,372.17355
2020-03-25 09:50:00+00:00,372.17355
2020-03-25 10:00:00+00:00,372.17355
2020-03-25 10:10:00+00:00,372.17426
2020-03-25 10:20:00+00:00,372.14444
2020-03-25 10:30:00+00:00,372.1712
2020-03-25 10:40:00+00:00,372.17355
2020-03-25 10:50:00+00:00,372.17355
2020-03-25 11:00:00+00:00,372.11856
2020-03-25 11:10:00+00:00,372.14767
2020-03-25 11:20:00+00:00,372.14767
2020-03-25 11:30:00+00:00,372.13657
2020-03-25 11:40:00+00:00,372.14532
2020-03-25 11:50:00+00:00,372.13657
2020-03-25 12:00:00+00:00,372.13657
2020-03-25 12:10:00+00:00,372.13657
2020-03-25 12:20:00+00:00,372.13657
2020-03-25 12:30:00+00:00,372.13657
2020-03-25 12:40:00+00:00,372.13657
2020-03-25 12:50:00+00:00,372.13657
2020-03-25 13:00:00+00:00,372.13657
2020-03-25 13:10:00+00:00,372.13657
2020-03-25 13:20:00+00:00,372.13657
2020-03-25 13:30:00+00:00,372.13657
2020-03-25 13:40:00+00:00,372.13657
2020-03-25 13:50:00+00:00,372.13657
2020-03-25 14:00:00+00:00,372.13657
2020-03-25 14:10:00+00:00,372.13657
2020-03-25 14:20:00+00:00,372.13657
2020-03-25 14:30:00+00:00,372.13657
2020-03-25 14:40:00+00:00,372.13657
2020-03-25 14:50:00+00:00,372.13657
2020-03-25 15:00:00+00:00,372.14618
2020-03-25 15:10:00+00:00,372.14618
2020-03-25 15:20:00+00:00,372.14618
2020-03-25 15:30:00+00:00,372.14618
2020-03-25 15:40:00+00:00,372.14618
2020-03-25 15:50:00+00:00,372.14618
2020-03-25 16:00:00+00:00,372.15192
2020-03-25 16:10:00+00:00,372.15192
2020-03-25 16:20:00+00:00,372.15192
2020-03-25 16:30:00+00:00,372.15192
2020-03-25 16:40:00+00:00,372.15192
2020-03-25 16:50:00+00:00,372.15192
2020-03-25 17:00:00+00:00,372.15192
2020-03-25 17:10:00+00:00,372.15192
2020-03-25 17:20:00+00:00,372.15192
2020-03-25 17:30:00+00:00,372.15192
2020-03-25 17:40:00+00:00,372.15192
2020-03-25 17:50:00+00:00,372.15192
2020-03-25 18:00:00+00:00,372.15192
2020-03-25 18:10:00+00:00,372.15192
2020-03-25 18:20:00+00:00,372.15192
2020-03-25 18:30:00+00:00,372.15057
2020-03-25 18:40:00+00:00,372.15057
2020-03-25 18:50:00+00:00,372.15057
2020-03-25 19:00:00+00:00,372.16058
2020-03-25 19:10:00+00:00,372.16058
2020-03-25 19:20:00+00:00,372.16058
2020-03-25 19:30:00+00:00,372.16058
2020-03-25 19:40:00+00:00,372.16058
2020-03-25 19:50:00+00:00,372.16058
2020-03-25 20:00:00+00:00,372.16058
2020-03-25 20:10:00+00:00,372.16745
2020-03-25 20:20:00+00:00,372.16058
2020-03-25 20:30:00+00:00,372.16745
2020-03-25 20:40:00+00:00,372.16745
2020-03-25 20:50:00+00:00,372.17426
2020-03-25 21:00:00+00:00,372.17426
2020-03-25 21:10:00+00:00,372.16745
2020-03-25 21:20:00+00:00,372.16745
2020-03-25 21:30:00+00:00,372.16745
2020-03-25 21:40:00+00:00,371.74265
2020-03-25 21:50:00+00:00,372.25406
2020-03-25 22:00:00+00:00,372.17426
2020-03-25 22:10:00+00:00,372.16745
2020-03-25 22:20:00+00:00,372.15884
2020-03-25 22:30:00+00:00,372.16745
2020-03-25 22:40:00+00:00,372.16745
2020-03-25 22:50:00+00:00,372.16745
2020-03-25 23:00:00+00:00,372.16745
2020-03-25 23:10:00+00:00,372.16745
2020-03-25 23:20:00+00:00,372.16745
2020-03-25 23:30:00+00:00,372.16745
2020-03-25 23:40:00+00:00,372.16745
2020-03-25 23:50:00+00:00,372.16745
2020-03-26 00:00:00+00:00,371.84616
2020-03-26 00:10:00+00:00,371.84616
2020-03-26 00:20:00+00:00,371.84616
2020-03-26 00:30:00+00:00,371.84616
2020-03-26 00:40:00+00:00,371.84616
2020-03-26 00:50:00+00:00,371.84616
2020-03-26 01:00:00+00:00,371.84616
2020-03-26 01:10:00+00:00,371.84616
2020-03-26 01:20:00+00:00,371.85297
2020-03-26 01:30:00+00:00,371.84616
2020-03-26 01:40:00+00:00,371.84616
2020-03-26 01:50:00+00:00,371.85297
2020-03-26 02:00:00+00:00,371.87463
2020-03-26 02:10:00+00:00,371.88144
2020-03-26 02:20:00+00:00,371.87463
2020-03-26 02:30:00+00:00,371.87463
2020-03-26 02:40:00+00:00,371.87463
2020-03-26 02:50:00+00:00,371.88144
2020-03-26 03:00:00+00:00,371.87463
2020-03-26 03:10:00+00:00,371.87463
2020-03-26 03:20:00+00:00,371.87463
2020-03-26 03:30:00+00:00,371.87463
2020-03-26 03:40:00+00:00,371.87463
2020-03-26 03:50:00+00:00,371.88144
2020-03-26 04:00:00+00:00,371.87463
2020-03-26 04:10:00+00:00,371.88144
2020-03-26 04:20:00+00:00,371.87463
2020-03-26 04:30:00+00:00,371.87463
2020-03-26 04:40:00+00:00,371.87463
2020-03-26 04:50:00+00:00,371.88144
2020-03-26 05:00:00+00:00,371.87463
2020-03-26 05:10:00+00:00,371.87463
2020-03-26 05:20:00+00:00,371.87463
2020-03-26 05:30:00+00:00,371.88144
2020-03-26 05:40:00+00:00,371.87463
2020-03-26 05:50:00+00:00,371.87463
2020-03-26 06:00:00+00:00,371.96124
2020-03-26 06:10:00+00:00,371.88144
2020-03-26 06:20:00+00:00,371.96124
2020-03-26 06:30:00+00:00,371.90515
2020-03-26 06:40:00+00:00,371.87463
2020-03-26 06:50:00+00:00,371.87463
2020-03-26 07:00:00+00:00,371.87463
2020-03-26 07:10:00+00:00,371.87463
2020-03-26 07:20:00+00:00,371.87463
2020-03-26 07:30:00+00:00,371.86777
2020-03-26 07:40:00+00:00,371.88422
2020-03-26 07:50:00+00:00,371.88422
2020-03-26 08:00:00+00:00,372.18768
2020-03-26 08:10:00+00:00,372.17258
2020-03-26 08:20:00+00:00,372.17258
2020-03-26 08:30:00+00:00,372.17258
2020-03-26 08:40:00+00:00,372.17258
2020-03-26 08:50:00+00:00,372.17258
2020-03-26 09:00:00+00:00,372.16245
2020-03-26 09:10:00+00:00,372.16245
2020-03-26 09:20:00+00:00,372.16245
2020-03-26 09:30:00+00:00,372.16245
2020-03-26 09:40:00+00:00,372.17755
2020-03-26 09:50:00+00:00,372.1611
2020-03-26 10:00:00+00:00,372.16245
2020-03-26 10:10:00+00:00,372.16245
2020-03-26 10:20:00+00:00,372.16245
2020-03-26 10:30:00+00:00,372.16245
2020-03-26 10:40:00+00:00,372.16245
2020-03-26 10:50:00+00:00,372.16245
2020-03-26 11:00:00+00:00,372.13657
2020-03-26 11:10:00+00:00,372.13657
2020-03-26 11:20:00+00:00,372.13657
2020-03-26 11:30:00+00:00,372.13657
2020-03-26 11:40:00+00:00,372.13522
2020-03-26 11:50:00+00:00,372.13657
2020-03-26 12:00:00+00:00,372.13657
2020-03-26 12:10:00+00:00,372.13522
2020-03-26 12:20:00+00:00,372.13657
2020-03-26 12:30:00+00:00,372.15167
2020-03-26 12:40:00+00:00,372.13657
2020-03-26 12:50:00+00:00,372.15167
2020-03-26 13:00:00+00:00,372.15167
2020-03-26 13:10:00+00:00,372.13522
2020-03-26 13:20:00+00:00,372.13522
2020-03-26 13:30:00+00:00,372.13522
2020-03-26 13:40:00+00:00,372.15167
2020-03-26 13:50:00+00:00,372.13522
2020-03-26 14:00:00+00:00,372.13657
2020-03-26 14:10:00+00:00,372.13657
2020-03-26 14:20:00+00:00,372.15167
2020-03-26 14:30:00+00:00,372.13657
2020-03-26 14:40:00+00:00,372.15167
2020-03-26 14:50:00+00:00,372.15167
2020-03-26 15:00:00+00:00,372.14618
2020-03-26 15:10:00+00:00,372.14618
2020-03-26 15:20:00+00:00,372.14618
2020-03-26 15:30:00+00:00,372.14618
2020-03-26 15:40:00+00:00,372.1613
2020-03-26 15:50:00+00:00,372.14618
2020-03-26 16:00:00+00:00,372.15192
2020-03-26 16:10:00+00:00,372.15192
2020-03-26 16:20:00+00:00,372.15192
2020-03-26 16:30:00+00:00,372.15192
2020-03-26 16:40:00+00:00,372.15192
2020-03-26 16:50:00+00:00,372.15192
2020-03-26 17:00:00+00:00,372.15192
2020-03-26 17:10:00+00:00,372.15192
2020-03-26 17:20:00+00:00,372.15192
2020-03-26 17:30:00+00:00,372.15192
2020-03-26 17:40:00+00:00,372.15192
2020-03-26 17:50:00+00:00,372.15192
2020-03-26 18:00:00+00:00,372.15192
2020-03-26 18:10:00+00:00,372.15192
2020-03-26 18:20:00+00:00,372.15192
2020-03-26 18:30:00+00:00,372.15057
2020-03-26 18:40:00+00:00,372.15192
2020-03-26 18:50:00+00:00,372.15057
2020-03-26 19:00:00+00:00,372.15884
2020-03-26 19:10:00+00:00,372.16058
2020-03-26 19:20:00+00:00,372.16745
2020-03-26 19:30:00+00:00,372.16058
2020-03-26 19:40:00+00:00,372.16058
2020-03-26 19:50:00+00:00,372.16058
2020-03-26 20:00:00+00:00,372.16058
2020-03-26 20:10:00+00:00,372.16058
2020-03-26 20:20:00+00:00,372.16058
2020-03-26 20:30:00+00:00,372.16745
2020-03-26 20:40:00+00:00,372.16745
2020-03-26 20:50:00+00:00,372.16745
2020-03-26 21:00:00+00:00,372.15884
2020-03-26 21:10:00+00:00,372.15884
2020-03-26 21:20:00+00:00,372.16745
2020-03-26 21:30:00+00:00,372.16745
2020-03-26 21:40:00+00:00,372.16058
2020-03-26 21:50:00+00:00,372.16058
2020-03-26 22:00:00+00:00,372.16058
2020-03-26 22:10:00+00:00,372.16058
2020-03-26 22:20:00+00:00,372.16058
2020-03-26 22:30:00+00:00,372.16058
2020-03-26 22:40:00+00:00,372.16193
2020-03-26 22:50:00+00:00,372.16193
2020-03-26 23:00:00+00:00,372.17703
2020-03-26 23:10:00+00:00,372.16058
2020-03-26 23:20:00+00:00,372.16193
2020-03-26 23:30:00+00:00,372.16193
2020-03-26 23:40:00+00:00,372.16193
2020-03-26 23:50:00+00:00,372.16058
2020-03-27 00:00:00+00:00,371.8393
2020-03-27 00:10:00+00:00,371.8393
2020-03-27 00:20:00+00:00,371.8393
2020-03-27 00:30:00+00:00,371.8393
2020-03-27 00:40:00+00:00,371.8393
2020-03-27 00:50:00+00:00,371.8393
2020-03-27 01:00:00+00:00,371.8393
2020-03-27 01:10:00+00:00,371.84616
2020-03-27 01:20:00+00:00,371.84616
2020-03-27 01:30:00+00:00,371.84616
2020-03-27 01:40:00+00:00,371.84616
2020-03-27 01:50:00+00:00,371.84616
2020-03-27 02:00:00+00:00,371.87463
2020-03-27 02:10:00+00:00,371.87463
2020-03-27 02:20:00+00:00,371.86777
2020-03-27 02:30:00+00:00,371.86777
2020-03-27 02:40:00+00:00,371.88422
2020-03-27 02:50:00+00:00,371.8691
2020-03-27 03:00:00+00:00,371.8691
2020-03-27 03:10:00+00:00,371.8691
2020-03-27 03:20:00+00:00,371.86777
2020-03-27 03:30:00+00:00,371.88422
2020-03-27 03:40:00+00:00,371.88422
2020-03-27 03:50:00+00:00,371.88422
2020-03-27 04:00:00+00:00,371.88422
2020-03-27 04:10:00+00:00,371.88422
2020-03-27 04:20:00+00:00,371.88422
2020-03-27 04:30:00+00:00,371.8691
2020-03-27 04:40:00+00:00,371.8691
2020-03-27 04:50:00+00:00,371.8691
2020-03-27 05:00:00+00:00,371.86777
2020-03-27 05:10:00+00:00,371.86777
2020-03-27 05:20:00+00:00,371.8691
2020-03-27 05:30:00+00:00,371.8691
2020-03-27 05:40:00+00:00,371.8691
2020-03-27 05:50:00+00:00,371.8691
2020-03-27 06:00:00+00:00,371.8691
2020-03-27 06:10:00+00:00,371.8691
2020-03-27 06:20:00+00:00,371.8691
2020-03-27 06:30:00+00:00,371.8691
2020-03-27 06:40:00+00:00,371.8691
2020-03-27 06:50:00+00:00,371.8691
2020-03-27 07:00:00+00:00,371.8691
2020-03-27 07:10:00+00:00,371.8691
2020-03-27 07:20:00+00:00,371.8691
2020-03-27 07:30:00+00:00,371.8691
2020-03-27 07:40:00+00:00,371.8691
2020-03-27 07:50:00+00:00,371.8691
2020-03-27 08:00:00+00:00,372.17258
2020-03-27 08:10:00+00:00,372.17258
2020-03-27 08:20:00+00:00,372.17258
2020-03-27 08:30:00+00:00,372.17258
2020-03-27 08:40:00+00:00,372.17258
2020-03-27 08:50:00+00:00,372.17258
2020-03-27 09:00:00+00:00,372.16245
2020-03-27 09:10:00+00:00,372.16245
2020-03-27 09:20:00+00:00,372.16245
2020-03-27 09:30:00+00:00,372.16245
2020-03-27 09:40:00+00:00,372.16245
2020-03-27 09:50:00+00:00,372.16245
2020-03-27 10:00:00+00:00,372.16245
2020-03-27 10:10:00+00:00,372.16245
2020-03-27 10:20:00+00:00,372.16245
2020-03-27 10:30:00+00:00,372.16245
2020-03-27 10:40:00+00:00,372.16245
2020-03-27 10:50:00+00:00,372.16245
2020-03-27 11:00:00+00:00,372.14767
2020-03-27 11:10:00+00:00,372.13657
2020-03-27 11:20:00+00:00,372.14532
2020-03-27 11:30:00+00:00,372.13657
2020-03-27 11:40:00+00:00,372.14767
2020-03-27 11:50:00+00:00,372.13657
2020-03-27 12:00:00+00:00,372.14795
2020-03-27 12:10:00+00:00,372.11856
2020-03-27 12:20:00+00:00,372.14767
2020-03-27 12:30:00+00:00,372.14838
2020-03-27 12:40:00+00:00,372.14838
2020-03-27 12:50:00+00:00,372.14767
2020-03-27 13:00:00+00:00,372.13657
2020-03-27 13:10:00+00:00,372.14838
2020-03-27 13:20:00+00:00,372.14767
2020-03-27 13:30:00+00:00,372.14838
2020-03-27 13:40:00+00:00,372.14767
2020-03-27 13:50:00+00:00,372.14767
2020-03-27 14:00:00+00:00,372.14767
2020-03-27 14:10:00+00:00,372.13657
2020-03-27 14:20:00+00:00,372.13657
2020-03-27 14:30:00+00:00,372.13657
2020-03-27 14:40:00+00:00,372.13657
2020-03-27 14:50:00+00:00,372.13657
2020-03-27 15:00:00+00:00,372.14618
2020-03-27 15:10:00+00:00,372.1573
2020-03-27 15:20:00+00:00,372.14618
2020-03-27 15:30:00+00:00,372.14618
2020-03-27 15:40:00+00:00,372.14618
2020-03-27 15:50:00+00:00,372.14618
2020-03-27 16:00:00+00:00,372.15192
2020-03-27 16:10:00+00:00,372.15192
2020-03-27 16:20:00+00:00,372.15192
2020-03-27 16:30:00+00:00,372.15192
2020-03-27 16:40:00+00:00,372.16302
2020-03-27 16:50:00+00:00,372.15192
2020-03-27 17:00:00+00:00,372.15192
2020-03-27 17:10:00+00:00,372.15192
2020-03-27 17:20:00+00:00,372.15192
2020-03-27 17:30:00+00:00,372.15192
2020-03-27 17:40:00+00:00,372.15192
2020-03-27 17:50:00+00:00,372.15192
2020-03-27 18:00:00+00:00,372.15192
2020-03-27 18:10:00+00:00,372.15192
2020-03-27 18:20:00+00:00,372.15192
2020-03-27 18:30:00+00:00,372.15192
2020-03-27 18:40:00+00:00,372.16702
2020-03-27 18:50:00+00:00,372.16702
2020-03-27 19:00:00+00:00,372.16058
2020-03-27 19:10:00+00:00,372.16058
2020-03-27 19:20:00+00:00,372.16193
2020-03-27 19:30:00+00:00,372.16058
2020-03-27 19:40:00+00:00,372.15884
2020-03-27 19:50:00+00:00,372.16058
2020-03-27 20:00:00+00:00,372.16058
2020-03-27 20:10:00+00:00,372.16745
2020-03-27 20:20:00+00:00,372.16058
2020-03-27 20:30:00+00:00,372.15884
2020-03-27 20:40:00+00:00,372.16745
2020-03-27 20:50:00+00:00,372.16745
2020-03-27 21:00:00+00:00,372.16745
2020-03-27 21:10:00+00:00,372.16745
2020-03-27 21:20:00+00:00,372.16745
2020-03-27 21:30:00+00:00,372.15884
2020-03-27 21:40:00+00:00,372.16745
2020-03-27 21:50:00+00:00,372.16745
2020-03-27 22:00:00+00:00,372.16745
2020-03-27 22:10:00+00:00,372.16193
2020-03-27 22:20:00+00:00,372.16193
2020-03-27 22:30:00+00:00,372.16193
2020-03-27 22:40:00+00:00,372.16193
2020-03-27 22:50:00+00:00,372.16193
2020-03-27 23:00:00+00:00,372.16193
2020-03-27 23:10:00+00:00,372.16193
2020-03-27 23:20:00+00:00,372.16193
2020-03-27 23:30:00+00:00,372.16193
2020-03-27 23:40:00+00:00,372.16193
2020-03-27 23:50:00+00:00,372.16193
2020-03-28 00:00:00+00:00,371.84064
2020-03-28 00:10:00+00:00,371.84064
2020-03-28 00:20:00+00:00,371.84064
2020-03-28 00:30:00+00:00,371.84064
2020-03-28 00:40:00+00:00,371.84064
2020-03-28 00:50:00+00:00,371.84064
2020-03-28 01:00:00+00:00,371.84064
2020-03-28 01:10:00+00:00,371.84064
2020-03-28 01:20:00+00:00,371.84064
2020-03-28 01:30:00+00:00,371.84064
2020-03-28 01:40:00+00:00,371.84064
2020-03-28 01:50:00+00:00,371.84064
2020-03-28 02:00:00+00:00,371.8691
2020-03-28 02:10:00+00:00,371.8691
2020-03-28 02:20:00+00:00,371.86777
2020-03-28 02:30:00+00:00,371.8691
2020-03-28 02:40:00+00:00,371.8691
2020-03-28 02:50:00+00:00,371.8691
2020-03-28 03:00:00+00:00,371.8691
2020-03-28 03:10:00+00:00,371.8691
2020-03-28 03:20:00+00:00,371.8691
2020-03-28 03:30:00+00:00,371.8691
2020-03-28 03:40:00+00:00,371.8691
2020-03-28 03:50:00+00:00,371.8691
2020-03-28 04:00:00+00:00,371.8691
2020-03-28 04:10:00+00:00,371.8691
2020-03-28 04:20:00+00:00,371.8691
2020-03-28 04:30:00+00:00,371.8691
2020-03-28 04:40:00+00:00,371.8691
2020-03-28 04:50:00+00:00,371.8691
2020-03-28 05:00:00+00:00,371.88422
2020-03-28 05:10:00+00:00,371.88422
2020-03-28 05:20:00+00:00,371.88422
2020-03-28 05:30:00+00:00,371.86777
2020-03-28 05:40:00+00:00,371.8691
2020-03-28 05:50:00+00:00,371.86777
2020-03-28 06:00:00+00:00,371.86777
2020-03-28 06:10:00+00:00,371.86777
2020-03-28 06:20:00+00:00,371.87463
2020-03-28 06:30:00+00:00,371.86777
2020-03-28 06:40:00+00:00,371.86777
2020-03-28 06:50:00+00:00,371.86777
2020-03-28 07:00:00+00:00,371.87463
2020-03-28 07:10:00+00:00,371.86603
2020-03-28 07:20:00+00:00,371.87463
2020-03-28 07:30:00+00:00,371.87463
2020-03-28 07:40:00+00:00,371.87463
2020-03-28 07:50:00+00:00,371.86603
2020-03-28 08:00:00+00:00,372.1695
2020-03-28 08:10:00+00:00,372.1781
2020-03-28 08:20:00+00:00,372.1781
2020-03-28 08:30:00+00:00,372.1781
2020-03-28 08:40:00+00:00,372.1781
2020-03-28 08:50:00+00:00,372.1781
2020-03-28 09:00:00+00:00,372.16797
2020-03-28 09:10:00+00:00,372.1611
2020-03-28 09:20:00+00:00,372.16797
2020-03-28 09:30:00+00:00,372.16797
2020-03-28 09:40:00+00:00,372.16797
2020-03-28 09:50:00+00:00,372.16797
2020-03-28 10:00:00+00:00,372.16797
2020-03-28 10:10:00+00:00,372.16797
2020-03-28 10:20:00+00:00,372.16797
2020-03-28 10:30:00+00:00,372.16797
2020-03-28 10:40:00+00:00,372.16797
2020-03-28 10:50:00+00:00,372.15936
2020-03-28 11:00:00+00:00,372.1421
2020-03-28 11:10:00+00:00,372.1421
2020-03-28 11:20:00+00:00,372.1421
2020-03-28 11:30:00+00:00,372.13522
2020-03-28 11:40:00+00:00,372.13522
2020-03-28 11:50:00+00:00,372.13522
2020-03-28 12:00:00+00:00,372.13657
2020-03-28 12:10:00+00:00,372.13657
2020-03-28 12:20:00+00:00,372.13657
2020-03-28 12:30:00+00:00,372.13657
2020-03-28 12:40:00+00:00,372.13657
2020-03-28 12:50:00+00:00,372.13657
2020-03-28 13:00:00+00:00,372.13657
2020-03-28 13:10:00+00:00,372.13657
2020-03-28 13:20:00+00:00,372.13657
2020-03-28 13:30:00+00:00,372.13657
2020-03-28 13:40:00+00:00,372.13657
2020-03-28 13:50:00+00:00,372.13657
2020-03-28 14:00:00+00:00,372.13657
2020-03-28 14:10:00+00:00,372.13657
2020-03-28 14:20:00+00:00,372.13657
2020-03-28 14:30:00+00:00,372.13657
2020-03-28 14:40:00+00:00,372.13657
2020-03-28 14:50:00+00:00,372.13657
2020-03-28 15:00:00+00:00,372.14618
2020-03-28 15:10:00+00:00,372.14618
2020-03-28 15:20:00+00:00,372.14618
2020-03-28 15:30:00+00:00,372.14618
2020-03-28 15:40:00+00:00,372.14618
2020-03-28 15:50:00+00:00,372.14618
2020-03-28 16:00:00+00:00,372.15192
2020-03-28 16:10:00+00:00,372.15192
2020-03-28 16:20:00+00:00,372.15192
2020-03-28 16:30:00+00:00,372.15192
2020-03-28 16:40:00+00:00,372.15192
2020-03-28 16:50:00+00:00,372.15192
2020-03-28 17:00:00+00:00,372.15192
2020-03-28 17:10:00+00:00,372.15192
2020-03-28 17:20:00+00:00,372.15192
2020-03-28 17:30:00+00:00,372.15192
2020-03-28 17:40:00+00:00,372.15192
2020-03-28 17:50:00+00:00,372.15192
2020-03-28 18:00:00+00:00,372.15192
2020-03-28 18:10:00+00:00,372.15192
2020-03-28 18:20:00+00:00,372.15192
2020-03-28 18:30:00+00:00,372.15192
2020-03-28 18:40:00+00:00,372.16302
2020-03-28 18:50:00+00:00,372.16302
2020-03-28 19:00:00+00:00,372.17303
2020-03-28 19:10:00+00:00,372.17303
2020-03-28 19:20:00+00:00,372.17303
2020-03-28 19:30:00+00:00,372.16193
2020-03-28 19:40:00+00:00,372.09323
2020-03-28 19:50:00+00:00,372.16193
2020-03-28 20:00:00+00:00,372.16193
2020-03-28 20:10:00+00:00,372.16193
2020-03-28 20:20:00+00:00,372.16193
2020-03-28 20:30:00+00:00,372.16193
2020-03-28 20:40:00+00:00,372.16193
2020-03-28 20:50:00+00:00,372.16193
2020-03-28 21:00:00+00:00,372.16193
2020-03-28 21:10:00+00:00,372.16193
2020-03-28 21:20:00+00:00,372.16193
2020-03-28 21:30:00+00:00,372.16193
2020-03-28 21:40:00+00:00,372.16193
2020-03-28 21:50:00+00:00,372.16193
2020-03-28 22:00:00+00:00,372.16193
2020-03-28 22:10:00+00:00,372.16193
2020-03-28 22:20:00+00:00,372.16193
2020-03-28 22:30:00+00:00,372.16193
2020-03-28 22:40:00+00:00,372.17303
2020-03-28 22:50:00+00:00,372.16193
2020-03-28 23:00:00+00:00,372.16193
2020-03-28 23:10:00+00:00,372.16193
2020-03-28 23:20:00+00:00,372.16193
2020-03-28 23:30:00+00:00,372.16193
2020-03-28 23:40:00+00:00,372.16193
2020-03-28 23:50:00+00:00,372.16193
2020-03-29 00:00:00+00:00,371.85385
2020-03-29 00:10:00+00:00,371.85385
2020-03-29 00:20:00+00:00,371.85385
2020-03-29 00:30:00+00:00,371.85385
2020-03-29 00:40:00+00:00,371.86496
2020-03-29 00:50:00+00:00,371.85385
2020-03-29 01:00:00+00:00,371.85385
2020-03-29 01:10:00+00:00,371.85385
2020-03-29 01:20:00+00:00,371.86496
2020-03-29 01:30:00+00:00,371.86566
2020-03-29 01:40:00+00:00,371.85385
2020-03-29 01:50:00+00:00,371.85385
2020-03-29 02:00:00+00:00,371.88232
2020-03-29 02:10:00+00:00,371.88232
2020-03-29 02:20:00+00:00,371.88232
2020-03-29 02:30:00+00:00,371.88232
2020-03-29 02:40:00+00:00,371.88232
2020-03-29 02:50:00+00:00,371.88232
2020-03-29 03:00:00+00:00,371.88232
2020-03-29 03:10:00+00:00,371.88232
2020-03-29 03:20:00+00:00,371.88232
2020-03-29 03:30:00+00:00,371.88232
2020-03-29 03:40:00+00:00,371.88232
2020-03-29 03:50:00+00:00,371.88232
2020-03-29 04:00:00+00:00,371.88098
2020-03-29 04:10:00+00:00,371.89743
2020-03-29 04:20:00+00:00,371.88232
2020-03-29 04:30:00+00:00,371.88232
2020-03-29 04:40:00+00:00,371.89743
2020-03-29 04:50:00+00:00,371.88232
2020-03-29 05:00:00+00:00,371.88232
2020-03-29 05:10:00+00:00,371.89743
2020-03-29 05:20:00+00:00,371.88232
2020-03-29 05:30:00+00:00,371.88232
2020-03-29 05:40:00+00:00,371.89743
2020-03-29 05:50:00+00:00,371.88232
2020-03-29 06:00:00+00:00,371.88232
2020-03-29 06:10:00+00:00,371.88232
2020-03-29 06:20:00+00:00,371.88232
2020-03-29 06:30:00+00:00,371.88232
2020-03-29 06:40:00+00:00,371.88098
2020-03-29 06:50:00+00:00,371.88098
2020-03-29 07:00:00+00:00,371.88098
2020-03-29 07:10:00+00:00,371.88785
2020-03-29 07:20:00+00:00,371.88785
2020-03-29 07:30:00+00:00,371.89465
2020-03-29 07:40:00+00:00,371.88785
2020-03-29 07:50:00+00:00,371.88785
2020-03-29 08:00:00+00:00,372.1913
2020-03-29 08:10:00+00:00,372.18445
2020-03-29 08:20:00+00:00,372.18445
2020-03-29 08:30:00+00:00,372.18445
2020-03-29 08:40:00+00:00,372.2009
2020-03-29 08:50:00+00:00,372.18445
2020-03-29 09:00:00+00:00,372.17566
2020-03-29 09:10:00+00:00,372.17566
2020-03-29 09:20:00+00:00,372.17566
2020-03-29 09:30:00+00:00,372.17566
2020-03-29 09:40:00+00:00,372.17566
2020-03-29 09:50:00+00:00,372.17566
2020-03-29 10:00:00+00:00,372.17566
2020-03-29 10:10:00+00:00,372.17566
2020-03-29 10:20:00+00:00,372.17566
2020-03-29 10:30:00+00:00,372.17566
2020-03-29 10:40:00+00:00,372.17566
2020-03-29 10:50:00+00:00,372.17566
2020-03-29 11:00:00+00:00,372.14978
2020-03-29 11:10:00+00:00,372.14978
2020-03-29 11:20:00+00:00,372.14978
2020-03-29 11:30:00+00:00,372.14978
2020-03-29 11:40:00+00:00,372.14978
2020-03-29 11:50:00+00:00,372.14978
2020-03-29 12:00:00+00:00,372.14978
2020-03-29 12:10:00+00:00,372.14978
2020-03-29 12:20:00+00:00,372.14978
2020-03-29 12:30:00+00:00,372.14978
2020-03-29 12:40:00+00:00,372.14978
2020-03-29 12:50:00+00:00,372.14978
2020-03-29 13:00:00+00:00,372.14978
2020-03-29 13:10:00+00:00,372.14978
2020-03-29 13:20:00+00:00,372.14978
2020-03-29 13:30:00+00:00,372.14978
2020-03-29 13:40:00+00:00,372.14978
2020-03-29 13:50:00+00:00,372.14978
2020-03-29 14:00:00+00:00,372.14978
2020-03-29 14:10:00+00:00,372.14978
2020-03-29 14:20:00+00:00,372.14978
2020-03-29 14:30:00+00:00,372.14978
2020-03-29 14:40:00+00:00,372.14978
2020-03-29 14:50:00+00:00,372.14978
2020-03-29 15:00:00+00:00,372.1594
2020-03-29 15:10:00+00:00,372.1594
2020-03-29 15:20:00+00:00,372.1594
2020-03-29 15:30:00+00:00,372.1594
2020-03-29 15:40:00+00:00,372.1594
2020-03-29 15:50:00+00:00,372.1594
2020-03-29 16:00:00+00:00,372.16513
2020-03-29 16:10:00+00:00,372.17624
2020-03-29 16:20:00+00:00,372.09644
2020-03-29 16:30:00+00:00,372.17624
2020-03-29 16:40:00+00:00,372.09644
2020-03-29 16:50:00+00:00,372.16513
2020-03-29 17:00:00+00:00,372.16513
2020-03-29 17:10:00+00:00,372.14713
2020-03-29 17:20:00+00:00,372.15338
2020-03-29 17:30:00+00:00,372.17624
2020-03-29 17:40:00+00:00,372.1765
2020-03-29 17:50:00+00:00,372.16513
2020-03-29 18:00:00+00:00,372.16513
2020-03-29 18:10:00+00:00,372.16513
2020-03-29 18:20:00+00:00,372.16513
2020-03-29 18:30:00+00:00,372.16513
2020-03-29 18:40:00+00:00,372.16513
2020-03-29 18:50:00+00:00,372.17624
2020-03-29 19:00:00+00:00,372.18625
2020-03-29 19:10:00+00:00,372.18695
2020-03-29 19:20:00+00:00,372.18695
2020-03-29 19:30:00+00:00,372.18625
2020-03-29 19:40:00+00:00,372.17514
2020-03-29 19:50:00+00:00,372.18625
2020-03-29 20:00:00+00:00,372.18625
2020-03-29 20:10:00+00:00,372.17514
2020-03-29 20:20:00+00:00,372.17514
2020-03-29 20:30:00+00:00,372.17514
2020-03-29 20:40:00+00:00,372.17514
2020-03-29 20:50:00+00:00,372.17514
2020-03-29 21:00:00+00:00,372.18625
2020-03-29 21:10:00+00:00,372.17514
2020-03-29 21:20:00+00:00,372.17514
2020-03-29 21:30:00+00:00,372.18625
2020-03-29 21:40:00+00:00,372.18625
2020-03-29 21:50:00+00:00,372.18625
2020-03-29 22:00:00+00:00,372.17514
2020-03-29 22:10:00+00:00,372.17514
2020-03-29 22:20:00+00:00,372.17514
2020-03-29 22:30:00+00:00,372.18695
2020-03-29 22:40:00+00:00,372.17514
2020-03-29 22:50:00+00:00,372.17514
2020-03-29 23:00:00+00:00,372.18625
2020-03-29 23:10:00+00:00,372.17514
2020-03-29 23:20:00+00:00,372.17514
2020-03-29 23:30:00+00:00,372.18695
2020-03-29 23:40:00+00:00,372.17514
2020-03-29 23:50:00+00:00,372.17514
2020-03-30 00:00:00+00:00,371.84064
2020-03-30 00:10:00+00:00,371.84064
2020-03-30 00:20:00+00:00,371.84064
2020-03-30 00:30:00+00:00,371.84064
2020-03-30 00:40:00+00:00,371.8393
2020-03-30 00:50:00+00:00,371.8393
2020-03-30 01:00:00+00:00,371.8393
2020-03-30 01:10:00+00:00,371.85574
2020-03-30 01:20:00+00:00,371.8393
2020-03-30 01:30:00+00:00,371.8393
2020-03-30 01:40:00+00:00,371.8393
2020-03-30 01:50:00+00:00,371.8393
2020-03-30 02:00:00+00:00,371.86603
2020-03-30 02:10:00+00:00,371.86777
2020-03-30 02:20:00+00:00,371.87463
2020-03-30 02:30:00+00:00,371.87463
2020-03-30 02:40:00+00:00,371.87463
2020-03-30 02:50:00+00:00,371.87463
2020-03-30 03:00:00+00:00,371.87463
2020-03-30 03:10:00+00:00,371.87463
2020-03-30 03:20:00+00:00,371.87463
2020-03-30 03:30:00+00:00,371.86603
2020-03-30 03:40:00+00:00,371.87463
2020-03-30 03:50:00+00:00,371.87463
2020-03-30 04:00:00+00:00,371.87463
2020-03-30 04:10:00+00:00,371.87463
2020-03-30 04:20:00+00:00,371.87463
2020-03-30 04:30:00+00:00,371.87463
2020-03-30 04:40:00+00:00,371.86603
2020-03-30 04:50:00+00:00,371.86603
2020-03-30 05:00:00+00:00,371.86603
2020-03-30 05:10:00+00:00,371.86603
2020-03-30 05:20:00+00:00,371.86603
2020-03-30 05:30:00+00:00,371.86603
2020-03-30 05:40:00+00:00,371.86603
2020-03-30 05:50:00+00:00,371.86777
2020-03-30 06:00:00+00:00,371.86777
2020-03-30 06:10:00+00:00,371.86777
2020-03-30 06:20:00+00:00,371.86777
2020-03-30 06:30:00+00:00,371.86777
2020-03-30 06:40:00+00:00,371.88422
2020-03-30 06:50:00+00:00,371.8691
2020-03-30 07:00:00+00:00,371.8691
2020-03-30 07:10:00+00:00,371.8691
2020-03-30 07:20:00+00:00,371.8691
2020-03-30 07:30:00+00:00,371.8691
2020-03-30 07:40:00+00:00,371.8691
2020-03-30 07:50:00+00:00,371.8691
2020-03-30 08:00:00+00:00,372.17258
2020-03-30 08:10:00+00:00,372.17258
2020-03-30 08:20:00+00:00,372.17258
2020-03-30 08:30:00+00:00,372.17258
2020-03-30 08:40:00+00:00,372.17258
2020-03-30 08:50:00+00:00,372.17258
2020-03-30 09:00:00+00:00,372.17355
2020-03-30 09:10:00+00:00,372.17355
2020-03-30 09:20:00+00:00,372.16245
2020-03-30 09:30:00+00:00,372.1712
2020-03-30 09:40:00+00:00,372.17355
2020-03-30 09:50:00+00:00,372.17355
2020-03-30 10:00:00+00:00,372.17355
2020-03-30 10:10:00+00:00,372.17355
2020-03-30 10:20:00+00:00,372.17355
2020-03-30 10:30:00+00:00,372.17355
2020-03-30 10:40:00+00:00,372.17355
2020-03-30 10:50:00+00:00,372.17355
2020-03-30 11:00:00+00:00,372.14767
2020-03-30 11:10:00+00:00,372.14767
2020-03-30 11:20:00+00:00,372.11856
2020-03-30 11:30:00+00:00,372.11856
2020-03-30 11:40:00+00:00,372.14767
2020-03-30 11:50:00+00:00,372.14795
2020-03-30 12:00:00+00:00,372.11856
2020-03-30 12:10:00+00:00,372.11856
2020-03-30 12:20:00+00:00,372.14795
2020-03-30 12:30:00+00:00,372.11856
2020-03-30 12:40:00+00:00,372.13657
2020-03-30 12:50:00+00:00,372.13657
2020-03-30 13:00:00+00:00,372.13657
2020-03-30 13:10:00+00:00,372.13657
2020-03-30 13:20:00+00:00,372.13657
2020-03-30 13:30:00+00:00,372.13657
2020-03-30 13:40:00+00:00,372.13657
2020-03-30 13:50:00+00:00,372.13657
2020-03-30 14:00:00+00:00,372.13657
2020-03-30 14:10:00+00:00,372.13657
2020-03-30 14:20:00+00:00,372.13657
2020-03-30 14:30:00+00:00,372.14767
2020-03-30 14:40:00+00:00,372.13657
2020-03-30 14:50:00+00:00,372.14767
2020-03-30 15:00:00+00:00,372.1573
2020-03-30 15:10:00+00:00,372.158
2020-03-30 15:20:00+00:00,372.1573
2020-03-30 15:30:00+00:00,372.158
2020-03-30 15:40:00+00:00,372.12817
2020-03-30 15:50:00+00:00,372.158
2020-03-30 16:00:00+00:00,372.14017
2020-03-30 16:10:00+00:00,372.16373
2020-03-30 16:20:00+00:00,372.1633
2020-03-30 16:30:00+00:00,372.16302
2020-03-30 16:40:00+00:00,372.16302
2020-03-30 16:50:00+00:00,372.15192
2020-03-30 17:00:00+00:00,372.15192
2020-03-30 17:10:00+00:00,372.15192
2020-03-30 17:20:00+00:00,372.15192
2020-03-30 17:30:00+00:00,372.15192
2020-03-30 17:40:00+00:00,372.15192
2020-03-30 17:50:00+00:00,372.15192
2020-03-30 18:00:00+00:00,372.15192
2020-03-30 18:10:00+00:00,372.15192
2020-03-30 18:20:00+00:00,372.15192
2020-03-30 18:30:00+00:00,372.15192
2020-03-30 18:40:00+00:00,372.15192
2020-03-30 18:50:00+00:00,372.15192
2020-03-30 19:00:00+00:00,372.16193
2020-03-30 19:10:00+00:00,372.17703
2020-03-30 19:20:00+00:00,372.15884
2020-03-30 19:30:00+00:00,372.15884
2020-03-30 19:40:00+00:00,372.16745
2020-03-30 19:50:00+00:00,372.16745
2020-03-30 20:00:00+00:00,372.16745
2020-03-30 20:10:00+00:00,372.16745
2020-03-30 20:20:00+00:00,372.16745
2020-03-30 20:30:00+00:00,372.16745
2020-03-30 20:40:00+00:00,372.16745
2020-03-30 20:50:00+00:00,372.16745
2020-03-30 21:00:00+00:00,372.16745
2020-03-30 21:10:00+00:00,372.16058
2020-03-30 21:20:00+00:00,372.16058
2020-03-30 21:30:00+00:00,372.16058
2020-03-30 21:40:00+00:00,372.16058
2020-03-30 21:50:00+00:00,372.16058
2020-03-30 22:00:00+00:00,372.17703
2020-03-30 22:10:00+00:00,372.16058
2020-03-30 22:20:00+00:00,372.16193
2020-03-30 22:30:00+00:00,372.16193
2020-03-30 22:40:00+00:00,372.16193
2020-03-30 22:50:00+00:00,372.16193
2020-03-30 23:00:00+00:00,372.16193
2020-03-30 23:10:00+00:00,372.17303
2020-03-30 23:20:00+00:00,372.16193
2020-03-30 23:30:00+00:00,372.16193
2020-03-30 23:40:00+00:00,372.17303
2020-03-30 23:50:00+00:00,372.17303
